XTF Segment of Deutsche Börse Group,Unnamed: 1,Unnamed: 2,Unnamed: 3,Unnamed: 4,Unnamed: 5,Unnamed: 6,Unnamed: 7,Unnamed: 8,Unnamed: 9
Turnover Report: February 2010,,,,,,,,,
,,,,,,,,,
,,,,,,,,,
XTF Exchange Traded Funds (Deutsche Börse),ISIN,Replication,"Income 
Treatment",Xetra Order Book Turnover in MEUR,,,,AuM,XLM*
,,,,02/2010,01/2010,Change (%),Market Share,in MEUR,100.000€
Amundi ETF EONIA,FR0010718841,Swap-based,Capitalizing,0.0970564,,,7.444938538574097e-06,335.55,0.37775
Amundi ETF EURO STOXX 50,FR0010654913,Swap-based,Capitalizing,0.11189651,,,8.583283942439055e-06,481.11,12.20425
Amundi ETF Leveraged EURO STOXX 50,FR0010756072,Swap-based,Capitalizing,0.0001542,,,1.182827224838471e-08,9.77,36.72225
Amundi ETF Leveraged MSCI Europe Daily,FR0010756080,Swap-based,Capitalizing,0,,,0,28.23,17.98875
Amundi ETF Leveraged MSCI USA Daily,FR0010755611,Swap-based,Capitalizing,1.596147,,,0.0001224361949704443,7.51,14.857
Amundi ETF MSCI China,FR0010713784,Swap-based,Capitalizing,0.78296,,,6.0058781060929265e-05,48.56,75.04225
Amundi ETF MSCI EMU,FR0010655688,Swap-based,Capitalizing,0,,,0,138.03,19.11825
Amundi ETF MSCI Europe,FR0010655696,Swap-based,Capitalizing,0,,,0,220.35,10.04425
Amundi ETF MSCI Germany,FR0010655712,Swap-based,Capitalizing,0,,,0,34.9,4.969
Amundi ETF MSCI India,FR0010713727,Swap-based,Capitalizing,0,,,0,9.62,45.845
Amundi ETF MSCI Japan,FR0010688242,Swap-based,Capitalizing,0,,,0,48.71,18.3395
Amundi ETF MSCI Pacific ex Japan,FR0010713669,Swap-based,Capitalizing,0,,,0,73.91,47.293
Amundi ETF MSCI USA,FR0010688275,Swap-based,Capitalizing,1.065293,,,8.171579525485405e-05,122.75,13.83725
Amundi ETF MSCI World ex EMU,FR0010756114,Swap-based,Capitalizing,0,,,0,52.46,21.11625
Amundi ETF MSCI World ex Europe,FR0010756122,Swap-based,Capitalizing,0,,,0,6.18,23.82575
Amundi ETF Short DAX 30,FR0010791178,Swap-based,Capitalizing,0.49532571,,,3.799511899808335e-05,4.79,8.8085
Amundi ETF Short EURO STOXX 50,FR0010757781,Swap-based,Capitalizing,3.845e-05,,,2.9493973278235543e-09,4.07,22.90975
ComStage ETF ATX,LU0392496690,Swap-based,Capitalizing,2.76934532,3.51757864,-0.2127126061920821,0.0002124291205885219,26.104632,23.05725
ComStage ETF Commerzbank Commodity EW Index TR,LU0419741177,Swap-based,Capitalizing,1.2500841,4.2455378,-0.7055534165777537,9.589062949531113e-05,113.542,49.96985
ComStage ETF Commerzbank EONIA Index TR,LU0378437684,Swap-based,Capitalizing,22.756960116,84.754432663,-0.7314953401141145,0.0017456259390251651,356.902,0.9448
ComStage ETF Commerzbank FED Funds Effective Rate Index TR,LU0378437767,Swap-based,Capitalizing,5.78518147,0.1380587,40.903780565802805,0.00044376589775272675,65.94963503649635,27.24145
ComStage ETF DAX TR,LU0378438732,Swap-based,Capitalizing,352.454664651,309.978018566,0.13703115556871626,0.027035860756842816,404.09425,5.72165
ComStage ETF DJ EURO STOXX 50,LU0378434079,Swap-based,Capitalizing,215.002181442,176.423973993,0.21866760268380903,0.016492246018758643,255.73875,6.30125
ComStage ETF DJ EURO STOXX 50 Leveraged TR,LU0392496930,Swap-based,Capitalizing,1.07457423,3.66968642,-0.7071754621475259,8.242773374538501e-05,13.47386,60.24885
ComStage ETF DJ EURO STOXX 50 Short TR,LU0392496856,Swap-based,Capitalizing,4.14028502,19.889128,-0.791831747475304,0.00031759026201341723,30.459959999999995,9.7862
ComStage ETF DJ EURO STOXX Select Dividend 30 TR,LU0378434236,Swap-based,Capitalizing,0.79277284,1.5080252,-0.47429735259065964,6.0811497941926926e-05,119.21295,7.979
ComStage ETF DJ STOXX 600 Automobiles & Parts TR,LU0378435043,Swap-based,Capitalizing,0.13423535,0.01475375,8.098388545285097,1.0296836998425476e-05,7.78305,21.2683
ComStage ETF DJ STOXX 600 Banks TR,LU0378435399,Swap-based,Capitalizing,7.55313881,4.880754549,0.5475350653614686,0.0005793812073574612,45.27599999999999,21.0092
ComStage ETF DJ STOXX 600 Basic Resources TR,LU0378435472,Swap-based,Capitalizing,24.20511929,15.785842304,0.533343538080741,0.0018567103811073177,52.03156,20.1278
ComStage ETF DJ STOXX 600 Chemicals TR,LU0378435555,Swap-based,Capitalizing,0.053859015,3.108923378,-0.9826759915084662,4.131381922502178e-06,22.286349999999995,14.3009
ComStage ETF DJ STOXX 600 Construction & Materials TR,LU0378435639,Swap-based,Capitalizing,0.05988415,0.034011735,0.7606908321495507,4.593554017918983e-06,21.61098,15.56395
ComStage ETF DJ STOXX 600 Financial Services TR,LU0378435712,Swap-based,Capitalizing,0.19432395,0.137193961,0.4164176657892398,1.4906073832564837e-05,7.71882,22.4905
ComStage ETF DJ STOXX 600 Food & Beverage TR,LU0378435803,Swap-based,Capitalizing,3.446553433,0.714156021,3.826051075189353,0.0002643759554093966,25.4664,13.3118
ComStage ETF DJ STOXX 600 Health Care TR,LU0378435985,Swap-based,Capitalizing,2.737252466,0.875356361,2.1270149940682272,0.00020996736303768103,53.70183,16.1116
ComStage ETF DJ STOXX 600 Industrial Goods & Services TR,LU0378436017,Swap-based,Capitalizing,0.42028736,0.04630519,8.076463351084403,3.223912656702253e-05,9.61136,17.0488
ComStage ETF DJ STOXX 600 Insurance TR,LU0378436108,Swap-based,Capitalizing,0.032571345,0.055780078,-0.4160756641466151,2.498461323969287e-06,40.74293,15.41735
ComStage ETF DJ STOXX 600 Media TR,LU0378436363,Swap-based,Capitalizing,1.0070529,2.55633776,-0.6060563999962196,7.72483519437441e-05,9.71776,18.60805
ComStage ETF DJ STOXX 600 Oil & Gas TR,LU0378436447,Swap-based,Capitalizing,5.66411027,2.869733808,0.9737406494672347,0.00043447884772005076,45.35594,12.25825
ComStage ETF DJ STOXX 600 Personal & Household Goods TR,LU0378436520,Swap-based,Capitalizing,0.21681792,3.744317458,-0.9420941406726203,1.663152649862838e-05,11.19816,12.88445
ComStage ETF DJ STOXX 600 Real Estate TR,LU0378436793,Swap-based,Capitalizing,0.06521165,0.22422958,-0.7091746325351009,5.002212386292975e-06,9.1105,30.483
ComStage ETF DJ STOXX 600 Retail TR,LU0378436876,Swap-based,Capitalizing,0.47089847,0.608733,-0.22642854913402088,3.612137032754747e-05,10.58255,16.0361
ComStage ETF DJ STOXX 600 Technology TR,LU0378437098,Swap-based,Capitalizing,0.183656441,0.127319673,0.44248282038864506,1.4087797563666692e-05,25.22052,21.51805
ComStage ETF DJ STOXX 600 Telecommunications TR,LU0378437171,Swap-based,Capitalizing,0.595041905,0.406796449,0.4627509813882371,4.564408334330396e-05,28.99017,12.4713
ComStage ETF DJ STOXX 600 TR,LU0378434582,Swap-based,Capitalizing,9.742051897,12.091771232,-0.19432383311897572,0.0007472869137199008,298.0745,16.6298
ComStage ETF DJ STOXX 600 Travel & Leisure TR,LU0378437254,Swap-based,Capitalizing,0.52185635,0.00115962,449.0235853124299,4.003021389330958e-05,8.38488,20.1861
ComStage ETF DJ STOXX 600 Utilities TR,LU0378437338,Swap-based,Capitalizing,5.998556868,4.266998269,0.4058025079550365,0.0004601333575364585,48.93422,12.6398
ComStage ETF Dow Jones Industrial Average TR,LU0378437502,Swap-based,Capitalizing,0.632491087,0.696555964,-0.09197376852838202,4.851671058179494e-05,133.36791,16.4086
ComStage ETF iBoxx € Liquid Sovereigns Diversified 10-15 TR,LU0444606452,Swap-based,Capitalizing,3.97527,0.0002228,17841.3249551167,0.0003049323983193015,10.11644217,60.56
ComStage ETF iBoxx € Liquid Sovereigns Diversified 1-3 TR,LU0444605991,Swap-based,Capitalizing,3.64777229,9.63783178,-0.6215152564117488,0.0002798109192362759,283.199192,15.1578
ComStage ETF iBoxx € Liquid Sovereigns Diversified 15+ TR,LU0444606536,Swap-based,Capitalizing,4.51651494,0.04947774,90.28377609809988,0.00034644985943071944,10.208730059999999,66.47515
ComStage ETF iBoxx € Liquid Sovereigns Diversified 25+ TR,LU0444606619,Swap-based,Capitalizing,0.43243468,0.6447,-0.32924665736001246,3.317091520546772e-05,9.952427290000001,54.1124
ComStage ETF iBoxx € Liquid Sovereigns Diversified 3-5 TR,LU0444606023,Swap-based,Capitalizing,0.28647845,1.72687143,-0.8341055129969925,2.1975000647829225e-05,325.158561,21.87185
ComStage ETF iBoxx € Liquid Sovereigns Diversified 3m-1 TR,LU0444605728,Swap-based,Capitalizing,4.26989785,0.48223326,7.854424205414617,0.00032753251778594385,0,4.31525
ComStage ETF iBoxx € Liquid Sovereigns Diversified 5-7 TR,LU0444606296,Swap-based,Capitalizing,0,1.32499686,-1,0,71.262,23.6757
ComStage ETF iBoxx € Liquid Sovereigns Diversified 7-10 TR,LU0444606379,Swap-based,Capitalizing,0,0,,0,50.4949,24.8283
ComStage ETF iBoxx € Liquid Sovereigns Diversified Overall TR,LU0444605645,Swap-based,Capitalizing,0.00826183,0.15193214,-0.9456215781598285,6.337430253558511e-07,49.20121334,22.4061
ComStage ETF iBoxx € Sovereigns Germany Capped 10+ TR,LU0444607005,Swap-based,Capitalizing,0.281924,3.92032139,-0.9280865082339589,2.162564089074975e-05,10.3094,17.3926
ComStage ETF iBoxx € Sovereigns Germany Capped 1-5 TR,LU0444606882,Swap-based,Capitalizing,0.07705578,0.59662034,-0.8708462068188959,5.9107441254970015e-06,103.31,5.8887
ComStage ETF iBoxx € Sovereigns Germany Capped 3m-2 TR,LU0444606700,Swap-based,Capitalizing,0.04690122,0.020198,1.3220724824240024,3.5976679568183263e-06,0,3.9564
ComStage ETF iBoxx € Sovereigns Germany Capped 5-10 TR,LU0444606965,Swap-based,Capitalizing,6.91439512,7.0610756,-0.020773107145319325,0.0005303848762144141,52.495,7.8711
ComStage ETF iBoxx € Sovereigns Inflation-Linked Euro-Inflation TR,LU0444607187,Swap-based,Capitalizing,0.37495306,0.052585,6.130418560425977,2.8761652879668786e-05,0,86.7971
ComStage ETF MSCI EM Eastern Europe TRN,LU0392495379,Swap-based,Capitalizing,2.75965375,1.39490561,0.978380279078525,0.00021168570600697663,20.88565,159.8986
ComStage ETF MSCI EMU TRN,LU0392494729,Swap-based,Capitalizing,1.55149924,0,,0.00011901138394216582,353.985309,26.9015
ComStage ETF MSCI Europe Large Cap TRN,LU0392496187,Swap-based,Capitalizing,0.9829,0.00561624,174.01032719399456,7.539564716561174e-05,25.415852,33.4089
ComStage ETF MSCI Europe Mid Cap TRN,LU0392496260,Swap-based,Capitalizing,0.91001835,0.0126913,70.7041083261762,6.980508946060859e-05,10.448352,37.0337
ComStage ETF MSCI Europe Small Cap TRN,LU0392496344,Swap-based,Capitalizing,1.56249519,2.43507033,-0.3583367302578073,0.0001198548540474163,12.122876119999999,53.87285
ComStage ETF MSCI Europe TRN,LU0392494646,Swap-based,Capitalizing,1.73848975,1.69725862,0.024292779847540302,0.0001333549290792884,68.76408,47.40625
ComStage ETF MSCI Japan TRN,LU0392495452,Swap-based,Capitalizing,3.72059688,0.85519828,3.3505663739174034,0.0002853971000203031,16.652056,46.23595
ComStage ETF MSCI North America TRN,LU0392494992,Swap-based,Capitalizing,2.18832585,0.6834244,2.202001347917926,0.0001678606609726192,41.446722,17.16445
ComStage ETF MSCI Pacific ex Japan TRN,LU0392495296,Swap-based,Capitalizing,0.68468831,0.758416,-0.0972127302166621,5.25206208558134e-05,27.20224,15.5106
ComStage ETF MSCI Pacific TRN,LU0392495023,Swap-based,Capitalizing,0.5970902,0.52840248,0.12999128997274956,4.580120260987339e-05,10.13625,37.8747
ComStage ETF MSCI Russia 30% Capped TRN,LU0392495536,Swap-based,Capitalizing,0.06858577,2.01653604,-0.9659883242156188,5.261032165532403e-06,13.3656,132.84065
ComStage ETF MSCI Taiwan TRN,LU0392495619,Swap-based,Capitalizing,0.92056236,0.0183254,49.234230085018616,7.061389244938739e-05,24.08532,210.4216
ComStage ETF MSCI USA Large Cap TRN,LU0392495882,Swap-based,Capitalizing,0.00772056,0.04456658,-0.8267634626664195,5.922236419584245e-07,9.959808,25.3705
ComStage ETF MSCI USA Mid Cap TRN,LU0392495965,Swap-based,Capitalizing,2.06195688,0.35380242,4.827989757673223,0.00015816723308086848,11.87934,30.3362
ComStage ETF MSCI USA Small Cap TRN,LU0392496005,Swap-based,Capitalizing,0.17539803,1.23217549,-0.8576517456941137,1.3454316800715622e-05,26.02282,44.7592
ComStage ETF MSCI USA TRN,LU0392495700,Swap-based,Capitalizing,11.29007801,10.68154479,0.056970525515158243,0.0008660318833189459,40.871763,83.363
ComStage ETF MSCI World TRN,LU0392494562,Swap-based,Capitalizing,16.8737994,15.52264337,0.0870441971636946,0.001294344313669459,198.8,18.08265
ComStage ETF NASDAQ-100,LU0378449770,Swap-based,Capitalizing,1.876704198,2.020273025,-0.07106407164942463,0.00014395699211174114,69.08625,15.32935
ComStage ETF Nikkei 225,LU0378453376,Swap-based,Capitalizing,2.932535251,7.984891166,-0.6327394838533482,0.00022494698655520874,84.6,24.29355
ComStage ETF SMI,LU0392496427,Swap-based,Capitalizing,0.32273695,0.05185724,5.22356588973883,2.4756293834068247e-05,24.819106,14.4726
ComStage ETF TOPIX,LU0392496773,Swap-based,Capitalizing,0.09964125,0.12801771,-0.22166042495214144,7.643215513419993e-06,23.22877,27.9977
DAX Source ETF,DE000A0X80V0,Full Replication,Capitalizing,0.36649321,,,2.811272026630629e-05,0,13.03675
db x-trackers CAC 40 ETF,LU0322250985,Swap-based,Distributing,17.96919266,7.08923311,1.5347160096418384,0.0013783690198842817,34.26163075,13.86515
db x-trackers CAC 40 Short ETF,LU0322251280,Swap-based,Capitalizing,5.55410457,4.7809054,0.16172651523286774,0.00042604060278831187,19.802082300000002,19.4295
db x-trackers Currency Carry ETF,LU0328474126,Swap-based,Capitalizing,0.745590655,0.667039982,0.11776006704197828,5.7192277906559524e-05,9.5818464,39.54845
db x-trackers Currency Momentum ETF,LU0328474043,Swap-based,Capitalizing,0.1511205,0.696412278,-0.783001384705627,1.1592051986459283e-05,1.85271458,54.38835
db x-trackers Currency Returns ETF,LU0328474472,Swap-based,Capitalizing,6.490561579,25.516756574,-0.745635321629651,0.0004978737315260555,154.6134912,38.5167
db x-trackers Currency Valuation ETF,LU0328473748,Swap-based,Capitalizing,2.492780405,3.57236321,-0.3022040989499497,0.00019121456086756614,28.06965941,39.27305
db x-trackers DAX ETF,LU0274211480,Swap-based,Capitalizing,814.518960476,768.613608285,0.059724875667278576,0.06247958505824535,1460.16680016,4.992
db x-trackers db commodity booster - S&P GSCI TM Light Energy Euro ETF,LU0411078123,Swap-based,Capitalizing,0.47196749,1.31830325,-0.6419886774913132,3.6203372011068664e-05,164.00930832,97.0487
db x-trackers DB Commodity Booster DJ-UBSCI ETF,LU0429790743,Swap-based,Capitalizing,0.95886156,1.65763414,-0.4215481348616529,7.355172230992783e-05,43.83574944,76.65315
db x-trackers db Hedge Fund Index ETF,LU0328476337,Swap-based,Capitalizing,27.36210148,24.055991,0.13743397559468673,0.002098874095936253,602.67837156,49.048
db x-trackers DBLCI - OY Balanced ETF,LU0292106167,Swap-based,Capitalizing,78.541070012,64.608842603,0.21563963766707506,0.006024676775495332,900.0664036,64.65765
db x-trackers DJ EURO STOXX 50 ETF,LU0274211217,Swap-based,Distributing,334.714919288,381.520761808,-0.12268229466252478,0.025675092029407123,1773.93848541,8.5864
db x-trackers DJ EURO STOXX 50 Short ETF,LU0292106753,Swap-based,Capitalizing,463.601643619,375.214671783,0.23556374119378098,0.03556165016552631,395.51355271999995,6.9532
db x-trackers DJ EURO STOXX ETF Anteilsklasse (1C),LU0380865021,Swap-based,Capitalizing,110.09481039,175.75559035,-0.37359141651905925,0.00844508035296507,611.8878,10.7787
db x-trackers DJ EURO STOXX Select Dividend 30 ETF,LU0292095535,Swap-based,Distributing,12.02589403,10.36772123,0.1599360904112579,0.0009224743749485367,82.34375301,24.8492
db x-trackers DJ Islamic Market Titans 100 ETF,LU0328475529,Swap-based,Capitalizing,0.820634,0.07054253,10.633180720906946,6.294865349079726e-05,3.5872,191.5106666667
db x-trackers DJ STOXX 600 Banks ETF,LU0292103651,Swap-based,Capitalizing,21.181198893,23.818499811,-0.11072489614908587,0.0016247534828378006,257.84600712,19.6356
db x-trackers DJ STOXX 600 Banks Short ETF,LU0322249037,Swap-based,Capitalizing,62.562881298,72.598519651,-0.13823475191014822,0.004799032377666149,286.14584603000003,21.0044
db x-trackers DJ STOXX 600 Basic Resources ETF,LU0292100806,Swap-based,Capitalizing,40.22142142,42.092166892,-0.04444402866690034,0.00308527835780008,82.23196548,16.6503
db x-trackers DJ STOXX 600 Basic Resources Short Daily ETF,LU0412624354,Swap-based,Capitalizing,1.44876063,1.08604113,0.33398320743156384,0.0001111305781736793,6.6175342399999995,82.66895
db x-trackers DJ STOXX 600 ETF,LU0328475792,Swap-based,Capitalizing,11.96030262,13.74812267,-0.13004103126758038,0.00091744303218177,48.07420330000001,16.02635
db x-trackers DJ STOXX 600 Food & Beverage ETF,LU0292105359,Swap-based,Capitalizing,4.413696751,12.597848478,-0.6496467822495429,0.00033856294936860607,39.59678415,18.06625
db x-trackers DJ STOXX 600 Health Care ETF,LU0292103222,Swap-based,Capitalizing,8.117175204,16.016502991,-0.493199282729744,0.0006226469403420862,122.65242938,21.40755
db x-trackers DJ STOXX 600 Health Care Short ETF,LU0322249466,Swap-based,Capitalizing,0.62884987,2.9141386,-0.784207288562047,4.8237402501435365e-05,4.29604128,22.6975
db x-trackers DJ STOXX 600 Industrial Goods ETF,LU0292106084,Swap-based,Capitalizing,2.10140778,6.952069431,-0.6977291724634388,0.00016119340678802675,31.506241180000004,28.48015
db x-trackers DJ STOXX 600 Industrial Goods Short Daily ETF,LU0412624511,Swap-based,Capitalizing,0.62134628,0.654905,-0.0512421190859742,4.766182205162825e-05,3.5869709100000002,33.07385
db x-trackers DJ STOXX 600 Insurance ETF,LU0292105193,Swap-based,Capitalizing,2.09884074,9.57521368,-0.7808048143736046,0.0001609964959709548,33.48828956,19.40075
db x-trackers DJ STOXX 600 Insurance Short Daily ETF,LU0412624602,Swap-based,Capitalizing,1.43245518,1.08204452,0.3238412593226756,0.00010987983043222389,4.22369148,29.1112
db x-trackers DJ STOXX 600 Oil & Gas ETF,LU0292101796,Swap-based,Capitalizing,16.254443581,19.766730057,-0.1776867729701298,0.001246835174591941,122.62374129999999,18.096
db x-trackers DJ STOXX 600 Oil & Gas Short ETF,LU0322249623,Swap-based,Capitalizing,2.48557017,3.8780639,-0.35906931033292155,0.00019066148290028447,7.29900423,21.9892
db x-trackers DJ STOXX 600 Technology ETF,LU0292104469,Swap-based,Capitalizing,1.42413086,6.03192675,-0.7639011680637534,0.00010924129396502107,36.95598287,29.2629
db x-trackers DJ STOXX 600 Technology Short ETF,LU0322250043,Swap-based,Capitalizing,1.79790101,0.879234793,1.0448474336024143,0.00013791220896190558,8.158834319999999,37.821
db x-trackers DJ STOXX 600 Telecommunications ETF,LU0292104030,Swap-based,Capitalizing,3.043237829,6.321430514,-0.5185839941987536,0.000233438687146532,37.9518748,19.11225
db x-trackers DJ STOXX 600 Telecommunications Short ETF,LU0322250126,Swap-based,Capitalizing,0.303078127,0.643157026,-0.5287649598031445,2.3248317760612946e-05,4.02316772,32.893
db x-trackers DJ STOXX 600 Utilities ETF,LU0292104899,Swap-based,Capitalizing,3.789470206,14.543743085,-0.7394432654748728,0.00029068018984248047,57.51151692,16.8648
db x-trackers DJ STOXX 600 Utilities Short Daily ETF,LU0412624867,Swap-based,Capitalizing,0.16225836,0.142312,0.140159368148856,1.2446407630716054e-05,1.86446902,34.04985
db x-trackers DJ STOXX Global Select Dividend 100 ETF,LU0292096186,Swap-based,Distributing,16.976247009,12.902101458,0.31577379578532216,0.001302202797524505,220.20652938,20.2592
db x-trackers FTSE 100 ETF,LU0292097234,Swap-based,Distributing,11.54724723,19.758494154,-0.415580603461002,0.0008857586508161233,317.6809224,29.5281
db x-trackers FTSE 100 Short ETF,LU0328473581,Swap-based,Capitalizing,0.463602455,0.78406571,-0.40871989542815235,3.5561712404406755e-05,98.5158671,21.97555
db x-trackers FTSE 250 ETF,LU0292097317,Swap-based,Distributing,7.376208652,9.033125828,-0.18342677911825933,0.000565809365089149,15.81159328,28.4125
db x-trackers FTSE All-Share ETF,LU0292097747,Swap-based,Distributing,1.330871771,1.275940817,0.04305133378298387,0.00010208763706276207,122.11199059,51.1035882353
db x-trackers FTSE Vietnam ETF,LU0322252924,Swap-based,Capitalizing,4.08186948,12.815511583,-0.6814899308885436,0.00031310936116609936,114.95963614,250.3391
db x-trackers FTSE/XINHUA China 25 ETF,LU0292109856,Swap-based,Capitalizing,59.868466534,60.91197933,-0.01713148722924618,0.004592350980917386,255.91888820000003,34.1224
db x-trackers HSI Short Daily Index ETF,LU0429790313,Swap-based,Capitalizing,0.8910044,1.9095098,-0.5333857935685902,6.834657988137917e-05,4.412554650000001,299.2207
db x-trackers II Emerging Markets Liquid Eurobond Index ETF,LU0321462953,Swap-based,Capitalizing,7.119368654,9.032313969,-0.21178906330819125,0.0005461078513367588,134.55351371,110.70865
db x-trackers II EONIA TR Index ETF,LU0290358497,Swap-based,Capitalizing,223.875986707,285.508430026,-0.21586908419267126,0.017172932040506825,1698.283676399,0.33125
db x-trackers II EONIA TRI ETF 1D,LU0335044896,Swap-based,Distributing,19.59300397,15.575209185,0.25796088754104285,0.0015029272705631806,80.23964,0.58535
db x-trackers II Euro Inflation Swap 5 year TRI ETF,LU0426245436,Swap-based,Capitalizing,0.02231799,0.39482295,-0.9434734227075706,1.7119537078905802e-06,4.55608318,17.5552
db x-trackers II EURO INTEREST RATE VOLATILITY TOTAL RETURN INDEX ETF  ,LU0378818644,Swap-based,Capitalizing,0.26866,0.00298716,88.93826912518915,2.060819469682903e-05,14.384389800000001,38.16115
db x-trackers II EURO INTEREST RATES VOLATILITY SHORT TOTAL  RETURN INDEX ETF,LU0378818727,Swap-based,Capitalizing,0.0083575,0,,6.410816168344697e-07,20.8623662,35.4187
db x-trackers II FED Funds Effective Rate TRI ETF,LU0321465469,Swap-based,Capitalizing,5.01624618,6.35344548,-0.2104683677871113,0.00038478291492840346,58.26976708,36.9828
db x-trackers II Global Sovereign EUR Hedged Index ETF,LU0378818131,Swap-based,Capitalizing,0.04469876,0.04225346,0.05787218372175906,3.428723102757513e-06,16.3299681,66.49555
db x-trackers II iBoxx € Germany 1-3 Total Return Index ETF,LU0468897110,Swap-based,Distributing,1.67278333,0.07913371,20.138694622051716,0.00012831476420103476,0,2.6361
db x-trackers II iBoxx € Germany Covered TRI ETF,LU0321463506,Swap-based,Capitalizing,26.877453713,20.822084182,0.2908147656148017,0.0020616980535714817,319.91730111000004,13.789
db x-trackers II iBoxx € Germany Total Return Index ETF,LU0468896575,Swap-based,Distributing,1.2317609,0.37933955,2.2471196320025157,9.448510551306987e-05,0,9.5934
db x-trackers II iBoxx € Inflation-Linked TR Index ETF,LU0290358224,Swap-based,Capitalizing,9.947502503,7.497814223,0.3267203223688091,0.0007630464837676547,171.6469167,35.1467
db x-trackers II iBoxx € Sovereigns Eurozone 10-15 TR Index ETF,LU0290357333,Swap-based,Capitalizing,14.4332225,2.29224547,5.29654314465719,0.0011071341449514383,77.024773,19.43985
db x-trackers II iBoxx € Sovereigns Eurozone 1-3 TR Index ETF,LU0290356871,Swap-based,Capitalizing,51.97316174,76.700222378,-0.32238577505210064,0.003986723130155979,1037.6561664,3.29885
db x-trackers II iBoxx € Sovereigns Eurozone 15+ TR Index ETF,LU0290357507,Swap-based,Capitalizing,1.13620988,1.107306,0.026102883936328425,8.715564067408898e-05,30.272020020000003,28.4877
db x-trackers II iBoxx € Sovereigns Eurozone 25+ TR Index ETF,LU0290357846,Swap-based,Capitalizing,0.11740844,1.12877208,-0.8959856980162019,9.006089446032044e-06,31.29248727,33.86745
db x-trackers II iBoxx € Sovereigns Eurozone 3-5 TR Index ETF,LU0290356954,Swap-based,Capitalizing,13.764028307,31.402065206,-0.5616839778942276,0.001055802036638584,861.519267,6.11225
db x-trackers II iBoxx € Sovereigns Eurozone 5-7 TR Index ETF,LU0290357176,Swap-based,Capitalizing,40.339516418,24.06188742,0.6764901154208791,0.0030943371112859197,428.18739912,11.06325
db x-trackers II iBoxx € Sovereigns Eurozone 7-10 TR Index ETF,LU0290357259,Swap-based,Capitalizing,18.191916775,21.688671458,-0.16122493670354354,0.001395453594906983,227.17133025,13.8292
db x-trackers II iBoxx € Sovereigns Eurozone TR Index ETF,LU0290355717,Swap-based,Capitalizing,28.480796352,28.458507962,0.0007831889862166541,0.0021846862068888332,774.72735821,11.8954
db x-trackers II iBoxx Global Inflation-Linked TR Index Hedged ETF,LU0290357929,Swap-based,Capitalizing,9.950023196,16.465883102,-0.3957188245317108,0.0007632398394295132,384.48924479999994,48.7389
db x-trackers II iTraxx Crossover 5-year Short TRI ETF,LU0321462870,Swap-based,Capitalizing,13.47080473,4.3798306,2.075645147097698,0.001033309635222234,37.486840799999996,31.6154
db x-trackers II iTraxx Crossover 5-year TR Index ETF,LU0290359032,Swap-based,Capitalizing,22.98163651,13.03664651,0.7628487887871711,0.0017628602681822169,105.90951,25.71205
db x-trackers II iTraxx Europe 5-year Short TRI ETF,LU0321462102,Swap-based,Capitalizing,0.49661082,0.32007932,0.5515242284318775,3.8093696371294256e-05,27.77261985,14.9772
db x-trackers II iTraxx Europe 5-year TR Index ETF,LU0290358653,Swap-based,Capitalizing,10.65951452,80.69774275,-0.8679081451754733,0.0008176630335808681,112.20290496000001,14.0737
db x-trackers II iTraxx Europe Senior Financials 5-year Short TRI ETF,LU0378819709,Swap-based,Capitalizing,0,0.05032317,-1,0,9.642136050000001,18.66285
db x-trackers II iTraxx Europe Senior Financials 5-year TRI ETF,LU0378819295,Swap-based,Capitalizing,1.04583764,1.65538424,-0.36822061323961863,8.022342628747184e-05,19.3418816,18.6821
db x-trackers II iTraxx HiVol 5-year Short TRI ETF,LU0321462441,Swap-based,Capitalizing,0.0010246,0.0202055,-0.9492910346192869,7.859434335729555e-08,4.62236027,29.15775
db x-trackers II iTraxx HiVol 5-year TR Index ETF,LU0290358737,Swap-based,Capitalizing,0.76938652,2.64015498,-0.7085828196343231,5.901759547858163e-05,22.28611835,27.08155
db x-trackers II iTraxxEurope Subordinated Financials 5- year Short TRI ETF,LU0378819881,Swap-based,Capitalizing,0.01191585,0.010394,0.14641620165480074,9.140331898243512e-07,3.1647772799999996,28.4531
db x-trackers II iTraxxEurope Subordinated Financials 5- year TRI ETF,LU0378819378,Swap-based,Capitalizing,0.00224931,0,,1.7253859306753705e-07,7.51325085,28.0454
db x-trackers II Short iBoxx € Sovereigns Eurozone TR Index ETF,LU0321463258,Swap-based,Capitalizing,105.91341098,35.123880549,2.0154245295375093,0.00812433631534694,698.9668520399999,12.78255
db x-trackers II SONIA TRI ETR,LU0321464652,Swap-based,Capitalizing,0.70735756,0.12120025,4.836271459836098,5.4259518784910006e-05,14.070492,36.42305
db x-trackers LPX MM Private Equity ETF,LU0322250712,Swap-based,Capitalizing,3.008368945,2.455633417,0.2250887792019325,0.00023076398771106283,52.88099322,90.6106
db x-trackers MSCI AC Asia ex Japan TRN Index ETF,LU0322252171,Swap-based,Capitalizing,10.70411073,20.48743803,-0.4775280972503325,0.000821083890345629,211.223415,32.9182
db x-trackers MSCI Brazil TRN Index ETF,LU0292109344,Swap-based,Capitalizing,30.139693439,54.678832577,-0.4487868153264505,0.002311935794288887,215.31997779,54.88115
db x-trackers MSCI EM Asia TRN Index ETF,LU0292107991,Swap-based,Capitalizing,29.239855393,32.735988054,-0.10679783531301756,0.002242911608896264,359.66542490999996,40.35345
db x-trackers MSCI EM EMEA TRN Index ETF,LU0292109005,Swap-based,Capitalizing,9.848287394,6.156500033,0.5996568409341871,0.0007554359563979713,72.22932895000001,44.6857
db x-trackers MSCI EM LATAM TRN Index ETF,LU0292108619,Swap-based,Capitalizing,34.783951717,43.832155689,-0.20642845029569723,0.0026681845057285655,230.576989,64.1007
db x-trackers MSCI Emerging Markets TRN Index ETF,LU0292107645,Swap-based,Capitalizing,155.240322661,191.238451757,-0.1882368779148117,0.0119080726352879,2565.01546775,26.15255
db x-trackers MSCI Europe Mid Cap TRN Index ETF,LU0322253732,Swap-based,Capitalizing,1.98646343,2.71950604,-0.26954991061538525,0.00015237633113813297,15.41805,20.52065
db x-trackers MSCI Europe Small Cap TRN Index ETF,LU0322253906,Swap-based,Capitalizing,7.479049976,10.376597497,-0.2792386928217767,0.0005736980497756364,227.5794204,20.50055
db x-trackers MSCI Europe TRN Index ETF,LU0274209237,Swap-based,Capitalizing,60.549270539,68.904430162,-0.12125721964982994,0.004644573647058311,909.56684104,18.70345
db x-trackers MSCI Japan TRN Index ETF,LU0274209740,Swap-based,Capitalizing,30.192345677,21.197394718,0.4243422872793814,0.002315974607554456,488.88431815999996,22.7922
db x-trackers MSCI Korea TRN Index ETF,LU0292100046,Swap-based,Capitalizing,15.600946169,18.367725652,-0.1506326659827225,0.0011967071246389523,87.07790178,47.4495
db x-trackers MSCI Pacific ex Japan TRN Index ETF,LU0322252338,Swap-based,Capitalizing,7.85153363,3.62152481,1.1680187329712095,0.0006022702810829329,126.06172383999998,29.1164
db x-trackers MSCI PAN-EURO TRN INDEX ETF,LU0412624271,Swap-based,Capitalizing,1.1767,1.1025,0.06730158730158742,9.026153018595518e-05,154.77539631,21.74805
db x-trackers MSCI Russia Capped Index ETF,LU0322252502,Swap-based,Distributing,18.665146122,32.114340286,-0.41879092157041986,0.001431753760615422,133.36530679999998,86.4572
db x-trackers MSCI Taiwan TRN Index ETF,LU0292109187,Swap-based,Capitalizing,26.813977315,24.40919018,0.09851974265702568,0.002056828947755069,107.4102319,52.76915
db x-trackers MSCI USA TRN Index ETF,LU0274210672,Swap-based,Capitalizing,35.765710083,36.398711616,-0.01739076755457869,0.0027434925811836712,1160.3845423799999,20.74725
db x-trackers MSCI World TRN Index ETF,LU0274208692,Swap-based,Capitalizing,70.263049341,62.705955678,0.12051636214279648,0.005389691806790116,1412.43277399,20.8936
db x-trackers Portfolio Total Return Index ETF,LU0397221945,Swap-based,Capitalizing,9.50721107,7.62222898,0.24730063803462388,0.0007292728979171006,55.51029202,85.7181
db x-trackers Russell 2000 ETF,LU0322248658,Swap-based,Capitalizing,7.01435395,4.6106383,0.5213411882688783,0.0005380524524457371,78.81635584,49.68535
db x-trackers S&P /ASX 200 ETF,LU0328474803,Swap-based,Capitalizing,30.565974125,17.149912235,0.7822816645452064,0.0023446346529674617,69.33451434,30.0668
db x-trackers S&P 500 Shariah ETF,LU0328475362,Swap-based,Capitalizing,0.2218077,0.0087674,24.29914227707188,1.7014279263216867e-05,7.4307,33.36525
db x-trackers S&P 500 Short ETF,LU0322251520,Swap-based,Capitalizing,80.533741656,43.619973802,0.8462583682777796,0.0061775293222324805,148.24287099,26.6203
db x-trackers S&P CNX Nifty ETF,LU0292109690,Swap-based,Capitalizing,6.441550417,22.618650987,-0.7152106719051343,0.0004941142155251106,207.95164299,50.39025
db x-trackers S&P Europe 350 Shariah ETF,LU0328475107,Swap-based,Capitalizing,0.09465,0.0024028,38.39154319960046,7.260349989037696e-06,5.4486,87.912
db x-trackers S&P Global Infrastructure ETF,LU0322253229,Swap-based,Capitalizing,5.880050759,6.237250892,-0.05726884154333922,0.0004510430688182435,97.39830604000001,36.74875
db x-trackers S&P Japan 500 Shariah ETF,LU0328475289,Swap-based,Capitalizing,0.2366976,7.47e-05,3167.642570281125,1.8156443925676167e-05,3.895,167.794
db x-trackers S&P Select Frontier ETF,LU0328476410,Swap-based,Capitalizing,0.873399437,1.295072423,-0.3255979963060336,6.699614995085557e-05,15.057261625,228.5145
db x-trackers S&P U.S. Carbon Efficient ETF,LU0411076002,Swap-based,Capitalizing,0.007514,0.044868,-0.83253097976286,5.763789732448943e-07,2.13660125,23.64835
db x-trackers S&P/MIB Index ETF,LU0274212538,Swap-based,Distributing,2.786774136,3.00733659,-0.07334145926113311,0.0002137660387507463,25.9486272,29.81375
db x-trackers ShortDAX ETF,LU0292106241,Swap-based,Capitalizing,856.093865864,854.89496728,0.001402392843432576,0.06566868557465326,683.6737935,5.94435
db x-trackers SLI ETF,LU0322248146,Swap-based,Distributing,3.6408031,1.78618597,1.0383113299227178,0.00027927633119042167,16.10154,27.74245
db x-trackers SMI ETF,LU0274221281,Swap-based,Distributing,23.464568156,26.55578257,-0.11640456860390702,0.0017999046714652811,263.4104676,17.6348
Dow Jones EURO STOXX 50 Source ETF,IE00B60SWX25,Swap-based,Capitalizing,42.97680947,31.39485106,0.36891267258650906,0.003296636853295189,465.50579082,12.83225
Dow Jones EURO STOXX 50 Source ETF - Anteilklasse B,IE00B5B5TG76,Swap-based,Distributing,1.95427943,1.2146434,0.6089326546375669,0.00014990758201983195,6.6397198,27.7113
Dow Jones EURO STOXX Select Dividend 30 Source ETF ,IE00B60SX626,Swap-based,Capitalizing,0.004902,2.96652433,-0.998347561167651,3.7601939404398084e-07,17.462986129999997,23.49735
Dow Jones STOXX 50 Source ETF,IE00B60SX519,Swap-based,Capitalizing,4.05656457,2.72597761,0.48811367896745117,0.00031116828876207297,14.66439074,16.6026
Dow Jones STOXX 600 Optimised Automobiles & Parts Source ETF,IE00B5NLX835,Swap-based,Capitalizing,9.56965091,2.21763633,3.315248077668352,0.0007340624921237515,38.021577990000004,23.2459
Dow Jones STOXX 600 Optimised Banks Source ETF,IE00B5MTWD60,Swap-based,Capitalizing,19.82842574,14.6845845,0.35028851105729286,0.0015209858489597862,70.84095663,15.20445
Dow Jones STOXX 600 Optimised Basic Resources Source ETF,IE00B5MTWY73,Swap-based,Capitalizing,22.94513137,16.50762729,0.38997149420133304,0.0017600600558969678,206.90223733000002,15.7903
Dow Jones STOXX 600 Optimised Chemicals Source ETF,IE00B5MTY077,Swap-based,Capitalizing,5.02579114,3.1664956,0.5871776799563528,0.0003855150834464316,13.4400795,17.75665
Dow Jones STOXX 600 Optimised Construction & Materials Source ETF,IE00B5MTY309,Swap-based,Capitalizing,0.3865037,2.1688069,-0.8217897130445315,2.964767178085609e-05,8.08718088,24.9038
Dow Jones STOXX 600 Optimised Financial Services Source ETF,IE00B5MTYK77,Swap-based,Capitalizing,0.32367368,0,,2.482814790322019e-05,4.9653977000000005,24.2979
Dow Jones STOXX 600 Optimised Food & Beverage Source ETF,IE00B5MTYL84,Swap-based,Capitalizing,10.6522464,3.68622526,1.889743748324268,0.0008171055154090526,26.13477781,16.3529
Dow Jones STOXX 600 Optimised Health Care Source ETF,IE00B5MJYY16,Swap-based,Capitalizing,9.8271665,4.92526534,0.9952562596353438,0.000753815828743229,39.31858458,16.63925
Dow Jones STOXX 600 Optimised Industrial Goods & Services Source ETF,IE00B5MJYX09,Swap-based,Capitalizing,3.12150453,10.1848407,-0.6935146437783755,0.00023944231780419038,147.90133352,20.11435
Dow Jones STOXX 600 Optimised Insurance Source ETF,IE00B5MTXJ97,Swap-based,Capitalizing,1.70566375,8.89080262,-0.8081541315332901,0.00013083693384695718,133.96026235,21.9806
Dow Jones STOXX 600 Optimised Media Source ETF,IE00B5MTZ488,Swap-based,Capitalizing,0.9940405,0.6765453,0.4692889005362981,7.625020531725331e-05,5.74026408,18.38345
Dow Jones STOXX 600 Optimised Oil & Gas Source ETF,IE00B5MTWH09,Swap-based,Capitalizing,11.42132984,10.75885381,0.06157496343934432,0.000876099862426201,56.888062479999995,17.31075
Dow Jones STOXX 600 Optimised Personal & Household Goods Source ETF,IE00B5MTZ595,Swap-based,Capitalizing,0.01290225,0.008598,0.5006106071179346,9.896973126895047e-07,8.03099432,18.7308
Dow Jones STOXX 600 Optimised Retail Source ETF,IE00B5MTZM66,Swap-based,Capitalizing,2.23333563,3.62716914,-0.38427585155292754,0.00017131324159311143,9.32844175,18.5037
Dow Jones STOXX 600 Optimised Technology Source ETF,IE00B5MTWZ80,Swap-based,Capitalizing,1.10057836,2.78564174,-0.6049102997717144,8.442244145759246e-05,16.86445269,15.7431
Dow Jones STOXX 600 Optimised Telecommunications Source ETF,IE00B5MJYB88,Swap-based,Capitalizing,7.25949233,2.24255776,2.237148429122289,0.00055685636617575,15.01817629,13.7019
Dow Jones STOXX 600 Optimised Travel & Leisure Source ETF,IE00B5MJYC95,Swap-based,Capitalizing,2.9837839,7.788e-05,38311.58217770929,0.00022887813423830804,10.79870727,21.49145
Dow Jones STOXX 600 Optimised Utilities Source ETF,IE00B5MTXK03,Swap-based,Capitalizing,8.64179197,0.51814729,15.678253725885547,0.0006628888984115748,137.78476359,17.40935
Dow Jones STOXX 600 Source ETF,IE00B60SWW18,Swap-based,Capitalizing,0.50675994,1.00565629,-0.4960903192879149,3.8872208397503894e-05,20.75176573,28.7127
Dow Jones STOXX Mid 200 Source ETF,IE00B60SX063,Swap-based,Capitalizing,0.313585,0.03701,7.472980275601188,2.4054272068804925e-05,14.07213661,34.6573
Dow Jones STOXX Small 200 Source ETF,IE00B60SWZ49,Swap-based,Capitalizing,0.4715,0.2441424,0.9312499590402976,3.616751209541758e-05,20.42860408,44.14085
Easy ETF NMX Infrastructure Europe,LU0315455286,Swap-based,Capitalizing,1.7122539,0.05717207,28.94913250473527,0.00013134244674162444,2.3814727,89.3436
Easy ETF NMX30 Infrastructure Global,LU0315440411,Swap-based,Capitalizing,1.0741699,1.34016654,-0.19848028738279055,8.239671866550051e-05,14.54036,97.04635
EasyETF - iTraxx Crossover,LU0281436138,Swap-based,Capitalizing,0.14291592,2.724146598,-0.9475373608362614,1.096270045647451e-05,60.61390200000001,70.0713684211
EasyETF - iTraxx Europe HiVol,LU0281436302,Swap-based,Capitalizing,1.0473093,0.01169545,88.54843977786233,8.033631341546833e-05,54.38125093,69.9152631579
EasyETF DJ STOXX 600,FR0010616250,Swap-based,Capitalizing,0.0070988,0.51480426,-0.9862106813179828,5.445300845449635e-07,186.76947764000002,58.04885
EasyETF DJ STOXX 600 Double Short,FR0010689687,Swap-based,Capitalizing,1.74477847,0.06721546,24.957993443770224,0.0001338373200796377,6.670879319999999,59.13345
EasyETF EPRA Eurozone,LU0192223062,Swap-based,Distributing,0.36279287,0.354765132,0.022628317373647677,2.782887701772271e-05,170.2943749,140.7277
EasyETF EURO STOXX 50 (A share),FR0010129064,Swap-based,Capitalizing,2.69946525,0.5236867,4.154733259408727,0.0002070688061092989,161.65317795,35.1421
EasyETF EURO STOXX 50 (B share),FR0010129072,Swap-based,Capitalizing,1.3003222,2.8532602,-0.5442679220072533,9.974426064992577e-05,609.18832148,31.931
EasyETF EURO STOXX 50 Double Short,FR0010689695,Swap-based,Capitalizing,3.24348365,3.00179519,0.08051464030762201,0.00024879901196747434,8.72515722,62.1732
EasyETF EuroMTS Eonia,FR0010616268,Swap-based,Capitalizing,0,0.00609048,-1,0,54.722563199999996,3.5739
EasyETF GS Ultra-Light Energy,LU0246046329,Swap-based,Capitalizing,0.49484759,2.06032104,-0.7598201540474488,3.7958443683379084e-05,25.2128394,45.859
EasyETF GSAL,LU0252701189,Swap-based,Capitalizing,6.838703269,5.681187772,0.2037453334503163,0.0005245787554581744,79.63267755,54.12425
EasyETF GSNE,LU0230484932,Swap-based,Capitalizing,1.930704378,2.20873254,-0.12587678995302898,0.00014809920242627925,45.94170330000001,47.9516
EasyETF Russell 1000 (EUR),FR0010616292,Swap-based,Capitalizing,0.00997426,1.02547166,-0.9902734903468712,7.650989802605296e-07,66.54685072,35.1713
EasyETF S&P 100 (EUR),FR0010616300,Swap-based,Capitalizing,0,0.01270752,-1,0,27.35574219,48.66595
EasyETF S&P GSCI Capped 35/20,LU0203243414,Swap-based,Capitalizing,12.0375609,27.457356171,-0.5615906781034559,0.0009233693095441691,256.85035065,44.58285
EasyETF S&P GSCI Light Energy Dynamic TR,LU0309198074,Swap-based,Capitalizing,0.064344,0.14786986,-0.5648606145971871,4.935657260376562e-06,3.4191,174.3142
EasyETF STOXX 50 Europe (A share),FR0010153387,Swap-based,Capitalizing,0,0,,0,0.6225249,50.6262
EasyETF STOXX 50 Europe (B share),FR0010148858,Swap-based,Capitalizing,0.01893264,0.00643374,1.9427113933730613,1.4522725051923366e-06,58.19607972,44.95535
ETFlab DAX,DE000ETFL011,Full Replication,Capitalizing,223.52307338,269.99886973,-0.17213329965594304,0.01714586099697998,1332.7664671,6.5882
ETFlab DAX (Preisindex),DE000ETFL060,Full Replication,Distributing,10.43768029,9.15255037,0.14041222042463342,0.0008006467192718487,50.38213519,11.79395
ETFlab DAXplus® Maximum Dividend,DE000ETFL235,Full Replication,Distributing,2.33046067,1.855726,0.25582153292026955,0.00017876344532369025,24.299300640000002,37.63495
ETFlab Deutsche Börse EUROGOV®  Germany,DE000ETFL177,Full Replication,Distributing,8.00736646,6.86088165,0.1671045892476517,0.0006142238033817413,85.49680759,8.42805
ETFlab Deutsche Börse EUROGOV®  Germany 10+,DE000ETFL219,Full Replication,Distributing,9.173825,1.4968158,5.128893748983677,0.0007036997383854596,31.256699649999998,23.6193
ETFlab Deutsche Börse EUROGOV®  Germany 1-3,DE000ETFL185,Full Replication,Distributing,1.12457385,0.3129807,2.593109255618637,8.626307173290629e-05,41.50974618,9.4517
ETFlab Deutsche Börse EUROGOV®  Germany 3-5,DE000ETFL193,Full Replication,Distributing,4.44456919,4.83341737,-0.08044994881126932,0.0003409310921277737,73.20068393000001,9.4224
ETFlab Deutsche Börse EUROGOV®  Germany 5-10,DE000ETFL201,Full Replication,Distributing,2.9620132,4.40226533,-0.32716159114380317,0.00022720816169201808,97.3369945,8.83065
ETFlab Deutsche Börse EUROGOV®  Germany Money Market,DE000ETFL227,Full Replication,Distributing,36.52004669,9.86417959,2.7022893142601427,0.0028013557378277617,238.46085968,8.08995
ETFlab DJ EURO Stoxx 50,DE000ETFL029,Full Replication,Distributing,85.670267518,142.785801647,-0.4000084985354706,0.00657153857195106,1815.52305908,9.30155
ETFlab DJ EURO STOXX 50 Short,DE000ETFL334,Swap-based,Capitalizing,7.4956895,1.85825114,3.0337332982881957,0.0005749744234459057,5.23221329,13.54625
ETFlab DJ EURO STOXX Select Dividend 30,DE000ETFL078,Full Replication,Distributing,1.77725371,4.638432223,-0.6168417205306225,0.0001363284094444343,13.5303161,44.32235
ETFlab DJ STOXX 50,DE000ETFL250,Full Replication,Distributing,0.02140845,0.01040627,1.0572645145666986,1.6421853113873646e-06,51.5889016,58.98055
ETFlab DJ STOXX Strong Growth 20,DE000ETFL037,Full Replication,Distributing,0.00162586,0.27957804,-0.9941845933249979,1.2471540024486877e-07,1.89255561,59.65765
ETFlab DJ STOXX Strong Style Composite 40,DE000ETFL052,Full Replication,Distributing,0.12208214,1.9691284,-0.9380019403508679,9.364596553731627e-06,10.975370980000001,42.02465
ETFlab DJ STOXX Strong Value 20,DE000ETFL045,Full Replication,Distributing,0.08590377,0.319941075,-0.731501277227377,6.589449926865259e-06,3.37819187,59.38325
ETFlab iBoxx € Liquid Sovereign Diversified 10+,DE000ETFL169,Full Replication,Distributing,0.1337764,0.0104291,11.827223825641713,1.0261632163481271e-05,4.41223297,30.6121
ETFlab iBoxx € Liquid Sovereign Diversified 1-10,DE000ETFL110,Full Replication,Distributing,0.00010429,0.01770649,-0.9941100692457964,7.999808772918557e-09,3.8033281299999997,15.9304
ETFlab iBoxx € Liquid Sovereign Diversified 1-3,DE000ETFL128,Full Replication,Distributing,1.80486545,2.73012563,-0.3389075469028874,0.00013844643264788184,65.83615243,17.5906
ETFlab iBoxx € Liquid Sovereign Diversified 3-5,DE000ETFL136,Full Replication,Distributing,2.1870309,0.73151906,1.9897114369104747,0.00016776132879915587,10.38581009,12.61895
ETFlab iBoxx € Liquid Sovereign Diversified 5-7,DE000ETFL144,Full Replication,Distributing,0.66478763,0.62263271,0.06770431318971348,5.0994092574568366e-05,20.83489632,14.3054
ETFlab iBoxx € Liquid Sovereign Diversified 7-10,DE000ETFL151,Full Replication,Distributing,0.0451855,1.0323506,-0.9562304705397565,3.4660596347560786e-06,53.0274877,16.1013
ETFlab iBoxx EUR Liquid Germany Covered Diversified,DE000ETFL359,Full Replication,Distributing,0.60000178,0.43490241,0.3796239482784196,4.602454217480823e-05,0,13.7532
ETFlab MSCI Europe,DE000ETFL284,Full Replication,Distributing,0.008865,0.0132452,-0.3307009331682421,6.800105932680314e-07,17.57455027,35.4093125
ETFlab MSCI Europe LC,DE000ETFL086,Full Replication,Distributing,4.39817,0.2850632,14.428754044717103,0.00033737193355822426,34.08582548,18.17205
ETFlab MSCI Europe MC,DE000ETFL292,Full Replication,Distributing,0.00087057,0.00020685,3.2087019579405363,6.67791113571743e-08,4.99536691,53.3856875
ETFlab MSCI Japan,DE000ETFL300,Full Replication,Distributing,0.1357978,0.4651221,-0.7080383838996255,1.0416688386068075e-05,11.899195104632607,238.77605
ETFlab MSCI Japan LC,DE000ETFL102,Full Replication,Distributing,0.41893213,0.20451103,1.048457386381556,3.213517047493966e-05,29.033329130280208,54.74935
ETFlab MSCI Japan MC,DE000ETFL318,Full Replication,Distributing,0,0.8386644,-1,0,19.163065150520477,158.1903
ETFlab MSCI USA,DE000ETFL268,Full Replication,Distributing,0.1650933,2.18432326,-0.9244190166248561,1.2663868344904354e-05,26.093318376383763,105.37745
ETFlab MSCI USA LC,DE000ETFL094,Full Replication,Distributing,3.7096057,1.32811681,1.7931321040955726,0.0002845539958090774,56.03301679704797,58.08585
ETFlab MSCI USA MC,DE000ETFL276,Full Replication,Distributing,0.01862944,0.0002096,87.88091603053435,1.4290148388777434e-06,6.750904627306273,130.67225
ETFX DAX® 2x Long Fund,DE000A0X8994,Swap-based,Distributing,20.70674486,21.4999116,-0.03689162796371681,0.0015883593747206273,12.1093601,24.49315
ETFX DAX® 2x Short Fund,DE000A0X9AA8,Swap-based,Distributing,43.15140999,36.19695201,0.1921282758304821,0.0033100299952230072,21.14096,33.0263
ETFX DAXglobal Alternative Energy Fund,DE000A0Q8M94,Swap-based,Capitalizing,0.06114628,0.30750192,-0.801151550533408,4.69036865639404e-06,7.07278466,193.6053
ETFX Dow Jones EURO STOXX 50 Leveraged (2x) Fund,DE000A0X9AB6,Swap-based,Distributing,9.11198529,5.73729854,0.5882013505959198,0.0006989561785563989,7.33884242,25.7046
ETFX Dow Jones EURO STOXX Double Short (2x) Fund,DE000A0X9AC4,Swap-based,Distributing,2.82463531,2.38417714,0.1847422167633066,0.00021667026880078173,9.0813241,28.513
ETFX Janney Global Water Fund,DE000A0Q8M86,Swap-based,Capitalizing,0.003162,0.0376381,-0.9159893830985092,2.4254861770034015e-07,8.03532824,177.81545
ETFX Russell 1000 Fund,DE000A0Q8ND6,Swap-based,Capitalizing,0.0144517,0.003452,3.1864716106604867,1.108551504876662e-06,5.30725,25.38885
ETFX Russell 2000 Fund,DE000A0Q8NE4,Swap-based,Capitalizing,0.38195224,0.82831714,-0.5388816413964342,2.9298541378731365e-05,12.564468799999998,21.13755
ETFX Russell Global Gold Fund ETF,DE000A0Q8NC8,Swap-based,Capitalizing,1.65657266,0.42092407,2.935561727320559,0.00012707128678152296,32.02190306,196.79055
ETFX S-Net ITG Global Agri Business Fund,DE000A0Q8NA2,Swap-based,Capitalizing,0.21952564,0.5096755,-0.5692835147069066,1.6839228504675047e-05,23.53775956,191.9961
ETFX WNA Global Nuclear Energy Fund,DE000A0Q8M37,Swap-based,Capitalizing,0.5528587,0.19958154,1.7700893579636676,4.240832178007813e-05,23.959640739999998,174.79295
FTSE 100 Source ETF,IE00B60SWT88,Swap-based,Capitalizing,1.22723274,1.71870136,-0.28595347128834525,9.413776239203066e-05,88.644537389386,10.9629
FTSE 250 Source ETF ,IE00B60SWV01,Swap-based,Capitalizing,2.4920773,0.73944262,2.3702105242459517,0.0001911606275513586,24.932511168892997,38.6818
iShares $ Corporate Bond,DE000A0DPYY0,Full Replication,Distributing,2.09426484,0.351383038,4.960062420542907,0.00016064549084137384,478.47262363342196,95.82155
iShares $ TIPS,DE000A0LGQF7,Full Replication,Capitalizing,0.20424591,1.27963914,-0.8403878846656723,1.5667161018800785e-05,442.06384761429655,30.8346
iShares $ Treasury Bond 1-3,DE000A0J2078,Full Replication,Distributing,40.88486476,16.455840795,1.4845199506562192,0.0031361693334608946,291.5416198625317,10.81255
iShares $ Treasury Bond 7-10,DE000A0LGQB6,Full Replication,Distributing,17.556762548,2.076459336,7.455143928713081,0.00134673260193248,166.24129815770695,18.65255
iShares € Corporate Bond,DE0002511243,Full Replication,Distributing,58.657310263,130.40440544,-0.5501891974808424,0.004499446401742766,3237.900822,7.3699
iShares € Covered Bond,DE000A0RFEE5,Full Replication,Distributing,2.12954456,0.24801356,7.586403743408223,0.00016335170441469926,49.88104668,34.10085
iShares € Government Bond 1-3,DE000A0J21A7,Full Replication,Distributing,28.920767074,13.98884745,1.0674160024527253,0.0022184351918507943,511.79241234000006,5.4504
iShares € Government Bond 15-30,DE000A0LGQC4,Full Replication,Distributing,19.88013491,4.22661965,3.70355427179259,0.0015249523219850651,179.73943792,20.9244
iShares € Government Bond 3-5,DE000A0LGQD2,Full Replication,Distributing,10.947957363,12.82899359,-0.14662383403685209,0.0008397887175957974,473.53256648,7.16475
iShares € Government Bond 7-10,DE000A0LGQH3,Full Replication,Distributing,16.89728783,8.24787547,1.0486836751428306,0.00129614604871957,432.09340776000005,8.5811
iShares € Inflation Linked Bond,DE000A0HG2S8,Full Replication,Capitalizing,14.024642378,17.164663278,-0.182935187783414,0.0010757930495020592,605.91937194,20.3141
iShares ATX (DE),DE000A0D8Q23,Full Replication,Distributing,9.815258152,14.861315627,-0.3395431199800598,0.0007529023710118897,49.68787632,22.8409
iShares Barclays Euro Aggregate Bond ETF,DE000A0RM447,Full Replication,Distributing,1.24504516,0.5872772,1.1200297917235678,9.550410579775422e-05,93.00617977881201,38.29185
iShares Barclays Euro Corporate Bond 1-5,DE000A0YEEZ9,Full Replication,Distributing,0.16940475,1.61450803,-0.8950734546671781,1.2994588217701359e-05,47.902283800000006,31.45475
iShares Barclays Euro Corporate Bond ETF,DE000A0RM454,Full Replication,Distributing,3.5368168,13.23461266,-0.7327600821526423,0.0002712998184374891,696.297768091875,38.70455
iShares Barclays Euro Corporate Bond ex-Financials,DE000A0YEEX4,Full Replication,Distributing,1.13347306,5.39687622,-0.7899760873151914,8.694570648436899e-05,20.053053099999996,32.2498
iShares Barclays Euro Corporate Bond ex-Financials 1-5,DE000A0YEEY2,Full Replication,Distributing,8.2379166,0.97157765,7.4789070641960524,0.0006319086919863017,19.69667756,24.8887
iShares Barclays Euro Government Bond 10-15,DE000A0YBRX2,Full Replication,Distributing,0,0,,0,13.084551300000001,20.6115
iShares Barclays Euro Government Bond 5-7,DE000A0YBRY0,Full Replication,Distributing,0,0.0146924,-1,0,20.637243520000002,11.33305
iShares Barclays Euro Treasury Bond,DE000A0YBRZ7,Full Replication,Distributing,0.26050482,0,,1.998263250957493e-05,7.232672472600001,11.82945
iShares Barclays Euro Treasury Bond 0-1 ETF,DE000A0RM462,Full Replication,Distributing,0.3102136,0.0972977,2.188293248452944,2.379566093353771e-05,26.123780024412,12.3233
iShares Citigroup Global Government Bond ETF ,DE000A0RM439,Full Replication,Distributing,11.56490353,13.8841479,-0.16704261483702576,0.0008871130186715005,114.92016641358711,24.41875
iShares DAX (DE),DE0005933931,Full Replication,Capitalizing,1425.706907559,1484.37736547,-0.039525298132273234,0.10936218838528212,2600.1052420499996,4.35105
iShares DivDAX (DE),DE0002635273,Full Replication,Distributing,37.793520528,32.307337536,0.16981229065647274,0.002899040531972116,171.10018992000002,20.64405
iShares DJ Asia Pacific Select Dividend 30 (DE),DE000A0H0744,Full Replication,Distributing,1.135688946,4.146017621,-0.7260771540748838,8.711568121121323e-05,70.16412358999999,78.54165
iShares DJ Asia/Pacific Select Dividend,DE000A0J2086,Full Replication,Distributing,0.32958138,1.396322008,-0.7639646312872553,2.5281311871843936e-05,112.81994824518,36.35485
iShares DJ China Offshore 50 (DE),DE000A0F5UE8,Full Replication,Distributing,10.08155501,18.033350905,-0.4409494351266271,0.000773329295365414,42.469363200000004,37.38195
iShares DJ EURO STOXX (DE),DE000A0D8Q07,Full Replication,Distributing,27.160174627,28.573322416,-0.04945689438651657,0.002083384823617553,448.76469785,18.95265
iShares DJ EURO STOXX 50,IE0008471009,Full Replication,Distributing,386.312711478,358.887701755,0.07641668853206363,0.02963302155884226,3920.9145,7.9262
iShares DJ EURO STOXX 50 (DE),DE0005933956,Full Replication,Distributing,1018.192177511,949.689224126,0.07213196869538385,0.07810281632150298,3955.6615900399997,7.39305
iShares DJ EURO STOXX Banks (DE),DE0006289309,Full Replication,Distributing,23.076219386,43.225440442,-0.46614264308159625,0.0017701154692675812,117.51997716,17.48405
iShares DJ EURO STOXX Growth,DE000A0HG3L1,Full Replication,Distributing,1.52763471,1.13725783,0.3432615451854044,0.00011718079926045541,30.1128,21.40715
iShares DJ EURO STOXX Health Care (DE),DE0006289333,Full Replication,Distributing,1.12087493,2.105749408,-0.4677073512443318,8.597933740874938e-05,6.057288,19.7668
iShares DJ EURO STOXX MidCap,DE000A0DPMX7,Full Replication,Distributing,0.34311897,0.655518418,-0.4765685286969312,2.631974442766113e-05,129.7704,34.5686
iShares DJ EURO STOXX Select Dividend,DE000A0HG2P4,Full Replication,Distributing,2.24927752,2.01677926,0.11528195703480226,0.0001725361016130453,391.17999000000003,26.0556
iShares DJ EURO STOXX Select Dividend 30 (DE),DE0002635281,Full Replication,Distributing,18.323651826,30.267139655,-0.39460246211362726,0.0014055586406130972,341.93310144,19.58045
iShares DJ EURO STOXX SmallCap ,DE000A0DPMZ2,Full Replication,Distributing,6.189881825,5.570789445,0.11113189362338205,0.00047480938658513877,366.04542,19.7394
iShares DJ EURO STOXX Sustainability 40 (DE),DE000A0F5UG3,Full Replication,Distributing,5.34696162,8.32059214,-0.3573820792999476,0.0004101512175293395,61.618373000000005,25.6028
iShares DJ EURO STOXX Technology (DE),DE0006289325,Full Replication,Distributing,2.03271376,0.64759344,2.138873302978486,0.0001559240710526442,12.435663,24.78255
iShares DJ EURO STOXX Telecommunications (DE),DE0006289317,Full Replication,Distributing,3.236348598,1.398709324,1.3138106985265225,0.00024825170108834087,28.647045100000003,20.67275
iShares DJ EURO STOXX Value,DE000A0HG2N9,Full Replication,Distributing,1.493985103,1.43059426,0.04431084673861352,0.00011459962732370345,57.4868,10.89545
iShares DJ Global Titans 50 (DE),DE0006289382,Full Replication,Distributing,5.065540114,6.431119835,-0.21233933685516526,0.00038856412161806565,68.27601182,43.4434
iShares DJ Industrial Average (DE),DE0006289390,Full Replication,Distributing,62.105070632,29.512612054,1.1043569616394753,0.004763914938005563,170.18701986000002,15.4523
iShares DJ STOXX 50,IE0008470928,Full Replication,Distributing,37.625464843,68.33680965,-0.4494114513728986,0.0028861494269457294,764.9529,12.8314
iShares DJ STOXX 50 (DE),DE0005933949,Full Replication,Distributing,27.528503532,39.836278301,-0.30895895133584916,0.0021116383551693647,420.25400759999997,15.94655
iShares DJ STOXX 600 (DE),DE0002635307,Full Replication,Distributing,74.909877959,50.914888094,0.4712764922648953,0.0057461376821810965,899.2607224,20.1243
iShares DJ STOXX 600 Automobiles & Parts (DE),DE0006344716,Full Replication,Distributing,1.588103217,3.74061806,-0.5754436321681022,0.00012181917775104787,10.746917,20.23365
iShares DJ STOXX 600 Automobiles & Parts Swap (DE),DE000A0D8Q56,Swap-based,Capitalizing,0.83128976,1.50675493,-0.44829132896880586,6.376602852512571e-05,6.62788944,20.9099
iShares DJ STOXX 600 Banks (DE),DE0006289341,Full Replication,Distributing,21.875338604,19.534056037,0.1198564477630919,0.0016779990955493639,160.2205461,15.61835
iShares DJ STOXX 600 Banks Swap (DE),DE000A0D8Q64,Swap-based,Capitalizing,2.15476898,3.180365759,-0.3224776194680443,0.00016528660264470966,16.08433317,19.37635
iShares DJ STOXX 600 Basic Resources (DE),DE0006344724,Full Replication,Distributing,61.490441533,58.426650699,0.05243824175005196,0.004716768373059056,243.58109957999997,13.5581
iShares DJ STOXX 600 Basic Resources Swap (DE),DE000A0D8Q72,Swap-based,Capitalizing,3.19069344,5.848350635,-0.45442849802729035,0.00024474961523641465,39.981751880000004,20.16875
iShares DJ STOXX 600 Chemicals (DE),DE0006344732,Full Replication,Distributing,12.49921398,7.655764799,0.6326538638742734,0.0009587814905723489,23.19073389,13.96575
iShares DJ STOXX 600 Chemicals Swap (DE),DE000A0D8Q80,Swap-based,Capitalizing,10.79250597,0.53650079,19.116477312176933,0.0008278644543156764,24.90849261,18.2754
iShares DJ STOXX 600 Construction & Materials (DE),DE0006344740,Full Replication,Distributing,2.83664432,6.49337662,-0.563148037453586,0.00021759144804665444,19.12514736,20.8394
iShares DJ STOXX 600 Construction & Materials Swap (DE),DE000A0F5T02,Swap-based,Capitalizing,0.33192125,0.289255,0.1475039325162919,2.5460797081868764e-05,15.65388955,25.257
iShares DJ STOXX 600 Financial Services (DE),DE0006344773,Full Replication,Distributing,2.798340722,1.598959644,0.7501009062365052,0.0002146532808272207,14.872333719999999,18.92065
iShares DJ STOXX 600 Financial Services Swap (DE),DE000A0F5T10,Swap-based,Capitalizing,0.0258995,0.0168438,0.5376280886735771,1.986681822938001e-06,5.11101135,27.9015
iShares DJ STOXX 600 Food & Beverage (DE),DE0006344781,Full Replication,Distributing,12.873375057,12.807762051,0.005122909508993967,0.0009874823925406034,39.410394479999994,14.98865
iShares DJ STOXX 600 Food & Beverage Swap (DE),DE000A0F5T28,Swap-based,Capitalizing,4.51300806,2.08953652,1.1598129617758488,0.00034618085598465964,67.5516417,18.5526
iShares DJ STOXX 600 Health Care (DE),DE0006289374,Full Replication,Distributing,30.587434711,64.085468593,-0.5227087297237765,0.0023462808374928694,193.7686005,12.5289
iShares DJ STOXX 600 Health Care Swap (DE),DE000A0F5T36,Swap-based,Capitalizing,3.98993222,2.504155944,0.5933241815710182,0.00030605709825396886,34.299408,20.257
iShares DJ STOXX 600 Industrial Goods & Services (DE),DE0006344799,Full Replication,Distributing,19.075477582,13.706633765,0.3916967440035779,0.0014632291965489966,37.69203592,17.08275
iShares DJ STOXX 600 Industrial Goods & Services Swap (DE),DE000A0F5T44,Swap-based,Capitalizing,0.6585208,0.8706195,-0.2436181362811194,5.051338069795135e-05,30.710927429999998,17.618
iShares DJ STOXX 600 Insurance (DE),DE0006289416,Full Replication,Distributing,16.0610013,11.57730424,0.3872833404955074,0.0012319967312455302,93.1513432,16.56315
iShares DJ STOXX 600 Insurance Swap (DE),DE000A0F5T51,Swap-based,Capitalizing,0.69345951,1.603938825,-0.5676521453366528,5.3193436300333715e-05,13.2152072,22.3448
iShares DJ STOXX 600 Media (DE),DE0006289424,Full Replication,Distributing,1.5902874,3.357703788,-0.5263765059671189,0.00012198672062500567,13.91627319,25.2886
iShares DJ STOXX 600 Media Swap (DE),DE000A0F5T69,Swap-based,Capitalizing,0.34520747,0.44108374,-0.2173652331867867,2.647994771294486e-05,3.11855232,27.08
iShares DJ STOXX 600 Oil & Gas (DE),DE0006344765,Full Replication,Distributing,41.579902051,43.17579091,-0.03696258540640607,0.003189483797149142,164.96036751999998,12.68685
iShares DJ STOXX 600 Oil & Gas Swap (DE),DE000A0F5T77,Swap-based,Capitalizing,1.63434187,2.504073682,-0.3473267652832589,0.0001253660219539181,30.07032216,18.3866
iShares DJ STOXX 600 Personal & Household Goods (DE),DE0006289432,Full Replication,Distributing,12.467485423,3.358641903,2.712061536498968,0.0009563476772763411,26.31846252,14.43115
iShares DJ STOXX 600 Personal & Household Goods Swap (DE),DE000A0F5T85,Swap-based,Capitalizing,0.54223587,0.3775829,0.436071045590253,4.159347271854564e-05,27.99252,20.8011
iShares DJ STOXX 600 Real Estate (DE),DE000A0H0751,Full Replication,Distributing,5.731593758,3.069598811,0.86721265901611,0.00043965532676242816,48.38611925,29.5369
iShares DJ STOXX 600 Retail (DE),DE0006289440,Full Replication,Distributing,7.62960294,3.41627512,1.2333104542236049,0.0005852465675836342,18.51933952,16.74725
iShares DJ STOXX 600 Retail Swap (DE),DE000A0F5T93,Swap-based,Capitalizing,0.258233573,3.299951665,-0.9217462559409942,1.9808411187530006e-05,17.865982080000002,22.7734
iShares DJ STOXX 600 Technology (DE),DE0006289366,Full Replication,Distributing,4.261578181,6.34415891,-0.32826742812468424,0.00032689433808459205,26.12496783,18.1493
iShares DJ STOXX 600 Technology Swap (DE),DE000A0F5UA6,Swap-based,Capitalizing,0.71246477,1.32616619,-0.46276358470577506,5.4651279292754826e-05,8.264641,25.58205
iShares DJ STOXX 600 Telecommunications (DE),DE0006289358,Full Replication,Distributing,10.09089891,18.463307583,-0.45346201569586875,0.0007740460411051136,73.8257492,18.3218
iShares DJ STOXX 600 Telecommunications Swap (DE),DE000A0F5UB4,Swap-based,Capitalizing,3.829616361,0.89970093,3.2565437394846306,0.00029375969471320584,15.76388244,19.9741
iShares DJ STOXX 600 Travel & Leisure (DE),DE0006344757,Full Replication,Distributing,9.95968911,11.79189276,-0.15537824904710207,0.0007639812860074734,15.839611199999998,26.87155
iShares DJ STOXX 600 Travel & Leisure Swap (DE),DE000A0F5UC2,Swap-based,Capitalizing,1.6076316,0.04760548,32.76988531572415,0.00012331714811871796,5.64828825,28.53585
iShares DJ STOXX 600 Utilities (DE),DE0006289457,Full Replication,Distributing,27.516362232,42.286654376,-0.34928968399029825,0.0021107070283091227,109.38576959999999,13.7552
iShares DJ STOXX 600 Utilities Swap (DE),DE000A0F5UD0,Swap-based,Capitalizing,2.44022611,1.503565254,0.6229598971565486,0.0001871832605492657,30.03732817,15.19505
iShares DJ STOXX Americas 600 Real Estate (DE),DE000A0H0769,Full Replication,Distributing,1.52344366,1.42969486,0.06557259358126255,0.00011685931495172265,21.280156895999998,86.8697
iShares DJ STOXX Asia Pacific 600 Real Estate (DE),DE000A0H0777,Full Replication,Distributing,3.58592792,1.837898025,0.9511027658893099,0.0002750670019509981,18.759299944000002,72.94705
iShares DJ STOXX EU Enlarged 15 (DE),DE000A0D8Q15,Full Replication,Distributing,7.408057355,9.734807635,-0.23901348308460946,0.000568252394465556,30.956344830000003,38.0996
iShares DJ STOXX Global Select Dividend 100 (DE),DE000A0F5UH1,Full Replication,Distributing,1.76991409,5.73058185,-0.6911458319018687,0.000135765406697614,13.02095625,102.1172
iShares DJ STOXX Large 200 (DE),DE0005933980,Full Replication,Distributing,0.12679656,0.16843055,-0.24718787654614915,9.726227184427022e-06,32.52203989,47.33725
iShares DJ STOXX Mid 200 (DE),DE0005933998,Full Replication,Distributing,2.550442006,3.71171284,-0.31286656162765014,0.00019563762905761627,85.36925947999998,52.9074
iShares DJ STOXX Select Dividend 30 (DE),DE0002635299,Full Replication,Distributing,7.335563511,2.14361347,2.4220551483099237,0.0005626915843283062,74.65798578,35.98375
iShares DJ STOXX Small 200 (DE),DE000A0D8QZ7,Full Replication,Distributing,7.047499115,7.259709962,-0.0292313120098171,0.0005405949299771096,114.04790734000001,28.8703
iShares DJ US Select Dividend (DE),DE000A0D8Q49,Full Replication,Distributing,4.665943455,9.367195818,-0.5018847106800175,0.00035791212374389604,82.13198112,44.9009
iShares Dow Jones-UBS Commodity Swap (DE),DE000A0H0728,Swap-based,Capitalizing,22.631874398,30.20514947,-0.25072794556179356,0.0017360309459843828,283.3492272,72.32645
iShares eb.rexx Government Germany (DE),DE0006289465,Full Replication,Distributing,95.162693467,77.88096833,0.22189920731048507,0.007299677342524364,702.722722,4.805
"iShares eb.rexx Government Germany 1,5-2,5 (DE)",DE0006289473,Full Replication,Distributing,115.342795379,31.206195272,2.6961505359319538,0.008847639336138403,1076.5844501400002,4.2703
"iShares eb.rexx Government Germany 10,5+ (DE)",DE000A0D8Q31,Full Replication,Distributing,98.35052232,17.43112971,4.642234551417379,0.007544207222904001,102.67849991,17.77695
"iShares eb.rexx Government Germany 2,5-5,5 (DE)",DE0006289481,Full Replication,Distributing,27.773010842,35.800701576,-0.22423277702975486,0.0021303938611966036,593.4347558100001,5.0264
"iShares eb.rexx Government Germany 5,5-10,5 (DE)",DE0006289499,Full Replication,Distributing,99.7994326,105.738959925,-0.05617160722228465,0.00765534928033152,730.70752139,5.30385
iShares eb.rexx Jumbo Pfandbriefe (DE),DE0002635265,Full Replication,Distributing,64.127952949,57.957864946,0.10645816592361967,0.004919084865190514,1316.0653847,12.8508
iShares eb.rexx Money Market ,DE000A0Q4RZ9,Full Replication,Distributing,62.434962314,102.51271115,-0.390953944992801,0.00478922005231927,876.83071665,3.86475
iShares Emerging Market Islamic,DE000A0NA0M3,Full Replication,Distributing,0.47481892,1.59129002,-0.7016138390662439,3.642209762933852e-05,19.21167883211679,59.55315
iShares FTSE 100 (DE),DE0006289408,Full Replication,Distributing,7.763399392,14.1330452,-0.4506916745727241,0.0005955097378827518,129.99210056,40.8243
iShares FTSE BRIC 50,DE000A0MSAE7,Full Replication,Distributing,30.900509272,28.92147516,0.06842784128581081,0.0023702959551423607,650.012,53.91185
iShares FTSE EPRA/NAREIT Asia Property Yield Fund,DE000A0LGQJ9,Full Replication,Distributing,4.060593353,8.248775485,-0.5077338011703685,0.0003114773260004236,126.03976069581601,50.11045
iShares FTSE EPRA/Nareit Developed World Yield Fund,DE000A0LGQL5,Full Replication,Distributing,6.148910304,7.023050231,-0.1244672753644156,0.00047166657008177685,274.37265300588,43.779
iShares FTSE EPRA/NAREIT US Property Yield Fund,DE000A0LGQK7,Full Replication,Distributing,2.210443072,3.07028758,-0.2800534105016964,0.0001695572143007253,137.27363681812307,47.931
iShares FTSE UK Dividend Plus,DE000A0HG2R0,Full Replication,Distributing,2.4036603,6.56640828,-0.6339459568298424,0.00018437839442953348,311.24838210714194,24.379
iShares FTSE/EPRA European Property Index Fund,DE000A0HG2Q2,Full Replication,Distributing,11.422967959,11.566477395,-0.012407358878515407,0.0008762255181817602,399.07128,27.8734
iShares FTSE/Macquarie Global Infrastructure 100,DE000A0LGQM3,Full Replication,Distributing,1.960104925,2.823051402,-0.30567862717223027,0.00015035444026134691,308.985413977548,30.19175
iShares FTSE/Xinhua China 25,DE000A0DPMY5,Full Replication,Distributing,31.69270342,22.09458582,0.4344103880558736,0.0024310630631587107,761.1311554248599,26.04995
iShares FTSEurofirst 100,DE000A0DPM16,Full Replication,Distributing,0.96872494,1.05291678,-0.07996058339957324,7.430831598002686e-05,81.352284,16.6184
iShares FTSEurofirst 80,DE000A0DPM08,Full Replication,Distributing,0.33645,0.3138235,0.0720994444329377,2.580818546024018e-05,62.087868943100005,18.9365
iShares Global Inflation-Linked Bond,DE000A0RFED7,Full Replication,Capitalizing,0.19840828,0.76079223,-0.7392083249851277,1.521937193368186e-05,77.99280077948461,36.81745
iShares iBoxx € Liquid Sovereigns Capped 1.5-10.5 (DE),DE000A0H0785,Full Replication,Distributing,24.285452215,24.660493074,-0.01520816546022008,0.0018628725063174934,191.6672016,19.4217
iShares iBoxx € Liquid Sovereigns Capped 1.5-2.5 (DE),DE000A0H0793,Full Replication,Distributing,13.961734408,9.243414034,0.5104521291207584,0.0010709675462870578,128.43452874000002,13.36795
iShares iBoxx € Liquid Sovereigns Capped 10.5+ (DE),DE000A0H08C4,Full Replication,Distributing,1.44324262,2.30296297,-0.37331054003009,0.00011070730628944253,21.6424796,32.76485
iShares iBoxx € Liquid Sovereigns Capped 2.5-5.5 (DE),DE000A0H08A8,Full Replication,Distributing,16.563916334,20.714417348,-0.2003677411858623,0.001270574007120742,98.15572815,16.3159
iShares iBoxx € Liquid Sovereigns Capped 5.5-10.5 (DE),DE000A0H08B6,Full Replication,Distributing,24.430496776,40.508003375,-0.3968970390903648,0.0018739984891686958,173.829628,18.06675
iShares JPMorgan $ Emerging Markets Bond,DE000A0RFFT0,Full Replication,Distributing,3.33327781,2.66446141,0.25101373113900705,0.0002556868833734083,259.315,67.4743
iShares MDAX (DE),DE0005933923,Full Replication,Capitalizing,57.006368796,84.432005162,-0.32482512186437273,0.004372807068812651,316.64627315999996,15.32715
iShares MSCI AC Far East ex-Japan,DE000A0HGZS9,Full Replication,Distributing,14.502209918,24.773614975,-0.4146106681388755,0.001112425986467762,1255.8770534785199,32.4582
iShares MSCI AC Far East ex-Japan Small Cap,DE000A0RFEF2,Full Replication,Distributing,0.64531315,0.44571287,0.44782256343641147,4.950025696279325e-05,16.94,87.6893
iShares MSCI Brazil,DE000A0HG2M1,Full Replication,Distributing,16.174898956,27.348410669,-0.4085616472647682,0.0012407335177800365,729.9883581730738,62.54885
iShares MSCI Eastern Europe,DE000A0HGZV3,Full Replication,Distributing,7.074421648,9.35108441,-0.24346510652447417,0.0005426600859429989,188.11532371331697,61.62115
iShares MSCI Emerging Markets,DE000A0YBR46,Full Replication,Capitalizing,0.06845412,0.20993512,-0.67392725905032,5.250933643862495e-06,11.209769288243459,37.7544
iShares MSCI Emerging Markets,DE000A0HGZT7,Full Replication,Distributing,44.720934015,71.265274888,-0.3724723003554943,0.0034304240125257344,2363.694095104056,28.193
iShares MSCI Emerging Markets SmallCap,DE000A0YBR04,Full Replication,Distributing,2.88103966,1.29173733,1.2303603008825332,0.00022099689660748197,39.43446287631741,140.56865
iShares MSCI Europe,DE000A0M5X28,Full Replication,Distributing,11.86317439,6.54004008,0.8139299216649449,0.0009099925837547678,813.8,21.29685
iShares MSCI Europe (Acc),DE000A0YBR20,Full Replication,Capitalizing,2.52557282,0.0698016,35.18216230000458,0.00019372997988379188,10.283805599999999,19.0597
iShares MSCI Europe ex-UK,DE000A0J2094,Full Replication,Distributing,9.17907745,8.00782684,0.14626322888870047,0.0007041026398677619,546.03288,21.33865
iShares MSCI GCC Countries ex-Saudi Arabia ETF,DE000A0RM470,Full Replication,Distributing,1.16439919,1.33620377,-0.1285766316914374,8.931796773747492e-05,9.564,151.66965
iShares MSCI Japan,DE000A0DPMW9,Full Replication,Distributing,35.388190619,48.52094115,-0.2706614962475846,0.0027145340662728004,1392.8524325432638,29.4889
iShares MSCI Japan (Acc),DE000A0YBR53,Full Replication,Capitalizing,0.01786661,0.012537,0.42511047299992044,1.3705001766258934e-06,7.24191377777736,39.1569
iShares MSCI Japan Small Cap,DE000A0RFEC9,Full Replication,Distributing,1.08738909,0.22646219,3.8016363791235968,8.341072760339368e-05,145.947430561416,57.46375
iShares MSCI Korea,DE000A0HG2L3,Full Replication,Distributing,6.439452005,5.783479667,0.1134217418871406,0.0004939532519166457,175.91329528113002,63.14235
iShares MSCI Latin America,DE000A0NA0K7,Full Replication,Distributing,12.194983496,4.528148896,1.6931498446909727,0.000935444778568394,127.89783919374,76.34695
iShares MSCI North America,DE000A0J2060,Full Replication,Distributing,8.537687046,5.802380761,0.4714110289667699,0.0006549032863268187,801.2650706327519,33.7879
iShares MSCI Pacific ex-Japan,DE000A0YBR12,Full Replication,Distributing,1.05705895,0.42983746,1.4592062078535455,8.108418315947913e-05,40.90396018956885,59.1256
iShares MSCI Taiwan,DE000A0HG2K5,Full Replication,Distributing,11.09314689,9.58162261,0.15775243312364196,0.0008509258204036456,177.832486104834,55.88315
iShares MSCI Turkey,DE000A0LGQN1,Full Replication,Distributing,2.439784969,3.413818744,-0.28532088199232164,0.00018714942179538815,93.562728957819,69.0865
iShares MSCI US Islamic,DE000A0NA0N1,Full Replication,Distributing,0.35701922,0,,2.738599566839141e-05,12.456,22.4327
iShares MSCI World,DE000A0HGZR1,Full Replication,Distributing,50.289622312,32.006408393,0.5712360379366606,0.0038575832942592614,2159.96576655552,25.43685
iShares MSCI World (Acc),DE000A0YBR38,Full Replication,Capitalizing,1.76505484,0.05090975,33.670271215238735,0.00013539266654247155,7.32233583987576,27.672
iSHares MSCI World Islamic,DE000A0NA0L5,Full Replication,Distributing,0.7629705,0.0570316,12.378030775920717,5.852543963350328e-05,23.6,48.2361
iShares Nasdaq-100 (DE),DE000A0F5UF5,Full Replication,Distributing,54.558328659,42.19418034,0.29302970739969103,0.004185024415016224,192.79254315,17.36155
iShares Nikkei 225 (DE),DE000A0H08D2,Full Replication,Distributing,79.90831273,89.472864063,-0.10689890653623613,0.006129554331254901,349.2257912,22.07205
iShares S&P 500,DE0002643889,Full Replication,Distributing,406.79505316,374.778540207,0.08542781807975564,0.031204167562079187,4957.865643880958,10.5305
iShares S&P 500 (Acc),DE000A0YBR61,Full Replication,Capitalizing,0.40819637,0.53460087,-0.23644649137963436,3.1311658853193105e-05,11.6323157363391,22.34615
iShares S&P Emerging Markets Infrastructure,DE000A0RFFS2,Full Replication,Distributing,0.88860838,2.88902991,-0.6924198060656285,6.816278755406027e-05,60.216,73.32385
iShares S&P Global Clean Energy,DE000A0M5X10,Full Replication,Distributing,1.359082393,4.184393002,-0.6752020203765745,0.00010425159891303619,114.456,57.4488
iShares S&P Global Timber&Forestry,DE000A0NA0H3,Full Replication,Distributing,0.656429991,2.553682309,-0.7429476686718121,5.035300029541326e-05,31.192,47.70625
iShares S&P Global Water,DE000A0MSAG2,Full Replication,Distributing,1.079574998,1.039759423,0.03829306483717243,8.281132937025537e-05,116.128,38.1661
iShares S&P Listed Private Equity,DE000A0MSAF4,Full Replication,Distributing,0.520064625,0.862760908,-0.39720886727983284,3.989277542966343e-05,64.62,77.64485
iShares S&P Small Cap 600,DE000A0RFEB1,Full Replication,Distributing,0.43931846,2.97664684,-0.8524116283811485,3.369895167717969e-05,29.80212735922092,38.38745
iShares SMI (DE),DE0005933964,Full Replication,Distributing,74.670728523,23.665390565,2.1552713367610545,0.00572779316443106,56.74853592,16.42355
iShares TecDAX (DE),DE0005933972,Full Replication,Capitalizing,23.383095774,20.896749803,0.11898242523069569,0.0017936551415364851,95.73758165299999,27.105
Lyxor ETF Brazil Ibovespa,FR0010408799,Swap-based,Capitalizing,29.687867238,43.983072771,-0.32501607169259605,0.0022772774070360896,636.17033787,47.2493
Lyxor ETF China Enterprise,FR0010204081,Swap-based,Distributing,43.55867174,60.762822943,-0.28313614097782724,0.0033412699618595417,855.10866826,29.9307
Lyxor ETF Commodities CRB,FR0010270033,Swap-based,Capitalizing,12.801642779,35.381051228,-0.6381779982594473,0.0009819800001075242,616.90251943,31.53375
Lyxor ETF Commodities CRB Non-Energy,FR0010346205,Swap-based,Capitalizing,2.296084197,4.38508524,-0.4763877846534177,0.00017612651742756024,104.95801666,32.4528
Lyxor ETF DAX,LU0252633754,Swap-based,Capitalizing,378.023108468,346.652160489,0.09049690598999005,0.0289971481396898,396.36234590000004,6.9744
Lyxor ETF DAXplus Covered Call,LU0252635023,Swap-based,Capitalizing,0.685938032,1.067973682,-0.3577200978254069,5.261648370957992e-05,13.3501056,78.28305
Lyxor ETF DAXplus Protective Put,LU0288030280,Swap-based,Capitalizing,5.706578019,0.672407147,7.486789654839882,0.0004377364358974053,37.20770456,97.2994
Lyxor ETF DJ EURO STOXX 50,FR0007054358,Swap-based,Distributing,143.439581943,87.447017066,0.6403027427995631,0.011002869172608894,5123.72905212,9.54945
Lyxor ETF DJ EURO STOXX 50 Buywrite,FR0010389205,Swap-based,Capitalizing,0.09295091,0.8137493,-0.8857745131086442,7.130017310084985e-06,44.72244851999999,194.6703
Lyxor ETF DJ STOXX 600 Automobiles & Parts,FR0010344630,Swap-based,Distributing,4.04915537,5.190589775,-0.21990456855165363,0.0003105999487183458,17.15715684,19.599
Lyxor ETF DJ STOXX 600 Banks,FR0010345371,Swap-based,Distributing,25.34081799,20.27248523,0.25001043051690996,0.0019438268105219521,331.34409734999997,18.0974
Lyxor ETF DJ STOXX 600 Basic Resources,FR0010345389,Swap-based,Distributing,27.91863379,26.532829407,0.052229800363258416,0.0021415642105776437,260.6363968,17.5773
Lyxor ETF DJ STOXX 600 Chemicals,FR0010345470,Swap-based,Distributing,12.78519756,6.04642529,1.1145051740149756,0.0009807185310574831,30.928931999999996,12.27885
Lyxor ETF DJ STOXX 600 Construction & Materials,FR0010345504,Swap-based,Distributing,4.50489572,3.09950373,0.45342484230531976,0.00034555857993996794,25.42985086,21.85065
Lyxor ETF DJ STOXX 600 Financial Services,FR0010345363,Swap-based,Distributing,1.35487421,1.36051313,-0.0041447009041361005,0.0001039288003774005,17.86034397,21.4267
Lyxor ETF DJ STOXX 600 Food & Beverage,FR0010344861,Swap-based,Distributing,4.63092363,7.216213063,-0.3582612390223988,0.00035522584602540845,102.2738455,14.22035
Lyxor ETF DJ STOXX 600 Health Care,FR0010344879,Swap-based,Distributing,6.640087195,8.865297069,-0.2510022909193952,0.0005093434441989181,256.9113483,14.3671
Lyxor ETF DJ STOXX 600 Industrial Goods & Services,FR0010344887,Swap-based,Distributing,2.497667453,1.59913918,0.5618824704176155,0.00019158943333342167,45.26815002,19.2378
Lyxor ETF DJ STOXX 600 Insurance,FR0010344903,Swap-based,Distributing,4.1093996,2.25967488,0.8185800251052044,0.0003152211235162336,107.69127687999999,18.2744
Lyxor ETF DJ STOXX 600 Media,FR0010344929,Swap-based,Distributing,0.8332102,1.33503215,-0.3758875394873449,6.391334037439089e-05,171.18050944,23.76515
Lyxor ETF DJ STOXX 600 Oil & Gas,FR0010344960,Swap-based,Distributing,5.80569154,15.18111351,-0.6175714293832455,0.00044533917072155565,250.6782915,15.4217
Lyxor ETF DJ STOXX 600 Personal & Household Goods,FR0010344978,Swap-based,Distributing,3.85052282,3.11586088,0.23578136774835734,0.0002953633736289107,93.52376244,16.86805
Lyxor ETF DJ STOXX 600 Retail,FR0010344986,Swap-based,Distributing,2.836983683,2.64593738,0.07220363733627,0.00021761747968060405,43.66106765999999,22.57475
Lyxor ETF DJ STOXX 600 Technology,FR0010344796,Swap-based,Distributing,7.23650571,2.50186618,1.8924431561723258,0.0005550931236372925,57.645132780000004,16.9991
Lyxor ETF DJ STOXX 600 Telecommunications,FR0010344812,Swap-based,Distributing,3.14464512,2.10977993,0.49050859536804836,0.00024121737097220755,168.2531004,14.4907
Lyxor ETF DJ STOXX 600 Travel & Leisure,FR0010344838,Swap-based,Distributing,0.98021146,2.60399342,-0.6235737569567283,7.518941640639857e-05,15.610367199999999,30.86405
Lyxor ETF DJ STOXX 600 Utilities,FR0010344853,Swap-based,Distributing,2.917183305,7.29372889,-0.6000422624702191,0.00022376937957187216,192.26142009999998,14.27335
Lyxor ETF DJ STOXX Select Dividend 30,FR0010378604,Swap-based,Distributing,1.232897351,4.00861888,-0.6924383714422859,9.457227964941844e-05,115.31535488,19.1297
Lyxor ETF Dow Jones Industrial Average,FR0007056841,Swap-based,Distributing,46.062948839,12.360954995,2.726487869070993,0.0035333664035739846,420.49466123999997,11.1889
Lyxor ETF Eastern Europe,FR0010204073,Swap-based,Distributing,9.260557687,12.346637525,-0.24995306064109957,0.0007103527723327354,283.611846,51.56225
Lyxor ETF Euro Cash EONIA,FR0010510800,Swap-based,Capitalizing,47.337487324,49.573327825,-0.045101682680912414,0.0036311328639606496,1215.722605715,1.14955
Lyxor ETF Euro Corporate Bonds,FR0010737544,Swap-based,Capitalizing,2.87726655,6.13687781,-0.5311514031921063,0.00022070747136556819,450.28011257,32.34305
Lyxor ETF EuroMTS 10-15Y,FR0010037242,Swap-based,Capitalizing,0.69034884,2.855830982,-0.7582669127300616,5.295482507053551e-05,306.9225,17.37735
Lyxor ETF EuroMTS 1-3Y,FR0010222224,Swap-based,Capitalizing,60.496398231,29.063934313,1.0814937709221488,0.0046405179528078285,965.5801170400001,8.15205
Lyxor ETF EuroMTS 15+Y,FR0010481093,Swap-based,Capitalizing,0.023912,0.1193623,-0.7996687396271687,1.8342259792696185e-06,156.92312070999998,29.85795
Lyxor ETF EuroMTS 3-5Y,FR0010037234,Swap-based,Capitalizing,38.694244868,21.042102601,0.8388963119189954,0.002968132702622353,1124.55,9.4779
Lyxor ETF EuroMTS 5-7Y,FR0010411413,Swap-based,Capitalizing,4.18673027,5.596140758,-0.25185400956635473,0.00032115295372317265,580.3201209,15.73385
Lyxor ETF EuroMTS 7-10Y,FR0010411439,Swap-based,Capitalizing,3.34357446,4.92221606,-0.32071765659145,0.00025647671203389035,389.77261993,17.12215
Lyxor ETF EuroMTS Covered Bond Aggregate,FR0010481127,Swap-based,Capitalizing,0.382862518,2.898348179,-0.8679032005974876,2.936836638525351e-05,118.48011848,40.7612
Lyxor ETF EuroMTS Global,FR0010028860,Swap-based,Capitalizing,40.809928928,3.274031153,11.464734457583212,0.0031304212049131953,860.535,17.44175
Lyxor ETF EuroMTS Inflation Linked,FR0010174292,Swap-based,Capitalizing,13.843622684,3.248687391,3.261297261888502,0.001061907509794204,755.105,35.7221
Lyxor ETF FTSE RAFI Europe,FR0010400770,Swap-based,Distributing,1.28402551,0.803770364,0.597502928087555,9.849418486479263e-05,19.56372864,64.9074
Lyxor ETF FTSE RAFI US 1000,FR0010400804,Swap-based,Distributing,0.29878383,0.06738821,3.4337700912370277,2.2918913648865724e-05,34.40578659999999,57.219
Lyxor ETF Hong Kong (HSI),FR0010361675,Swap-based,Distributing,20.321306423,18.420660045,0.10318014519332586,0.0015587934164338058,135.47859903999998,59.2517
Lyxor ETF Japan (Topix),FR0010245514,Swap-based,Distributing,6.956599938,11.118959329,-0.37434792842023534,0.0005336222956534383,411.95816060000004,34.05015
Lyxor ETF LevDAX,LU0252634307,Swap-based,Capitalizing,190.59087648,246.682510219,-0.22738391014913428,0.014619719682643981,215.17510608,16.76125
Lyxor ETF Leveraged DJ EURO STOXX 50,FR0010468983,Swap-based,Distributing,122.136010545,150.495748711,-0.18844212151440753,0.009368728820089791,195.10128785999999,19.5547
Lyxor ETF MSCI AC Asia-Pacific Ex Japan,FR0010312124,Swap-based,Distributing,9.178202242,8.151473101,0.1259562692875773,0.0007040355049877491,533.36096524,52.10045
Lyxor ETF MSCI Asia APEX 50,FR0010652867,Swap-based,Distributing,1.19744122,1.14537824,0.04545483595008748,9.185253405705532e-05,23.43011139,50.29715
Lyxor ETF MSCI EM Latin America,FR0010410266,Swap-based,Distributing,7.146500177,7.984431319,-0.10494562587144218,0.0005481890383702044,251.33108196,94.54805
Lyxor ETF MSCI Emerging Markets,FR0010429068,Swap-based,Distributing,24.822371088,21.055631073,0.17889466252237662,0.0019040581263248858,828.3228665,35.2764
Lyxor ETF MSCI EMU,FR0007085501,Swap-based,Distributing,1.36695806,1.39115801,-0.01739554373122576,0.00010485572040080285,347.19657739999997,23.87235
Lyxor ETF MSCI EMU Growth,FR0010168765,Swap-based,Distributing,1.12559244,0.39247121,1.8679618054022353,8.634120506513378e-05,44.620929620000005,18.9825
Lyxor ETF MSCI EMU Small Cap,FR0010168773,Swap-based,Distributing,0.544741947,1.397604219,-0.61023160949688,4.178570722588297e-05,163.7992971,30.49745
Lyxor ETF MSCI EMU Value,FR0010168781,Swap-based,Distributing,2.994423614,4.156647697,-0.27960610754642945,0.0002296942784266151,146.9087862,39.10395
Lyxor ETF MSCI Europe,FR0010261198,Swap-based,Distributing,42.729853796,18.350824715,1.3284977356397794,0.003277693539771484,899.462489,13.8783
Lyxor ETF MSCI Greece,FR0010405431,Swap-based,Distributing,8.060685648,7.70980237,0.04551131937769748,0.0006183137766095416,37.81156626,121.26795
Lyxor ETF MSCI India,FR0010361683,Swap-based,Distributing,18.368948966,44.208363925,-0.5844915456006665,0.0014090332638555954,952.8220044000001,45.2837
Lyxor ETF MSCI Korea,FR0010361691,Swap-based,Distributing,3.193049601,8.215285945,-0.6113282456171403,0.00024493035008575983,106.3548,61.6414
Lyxor ETF MSCI Malaysia,FR0010397554,Swap-based,Distributing,1.732672555,0.2073283,7.357144466047327,0.00013290870750871808,19.26267,119.0875
Lyxor ETF MSCI Taiwan,FR0010444786,Swap-based,Distributing,1.34308211,0.50824911,1.6425665752764433,0.00010302425972123853,21.261188299999997,76.37565
Lyxor ETF MSCI USA,FR0010296061,Swap-based,Distributing,12.014379912,19.67450277,-0.3893426404493575,0.0009215911575529205,363.57923888,13.35005
Lyxor ETF MSCI World,FR0010315770,Swap-based,Distributing,15.671515966,9.5300852,0.6444255887659849,0.0012021203462435517,720.60653735,16.2653
Lyxor ETF Nasdaq-100,FR0007063177,Swap-based,Distributing,6.940551884,25.066450015,-0.7231138880915843,0.0005323912920751712,180.154627632,21.43925
Lyxor ETF New Energy,FR0010524777,Swap-based,Distributing,1.852721965,2.85249385,-0.3504904611801355,0.00014211737874566982,89.1243348,126.13325
Lyxor ETF Pan Africa ,FR0010636464,Swap-based,Distributing,1.09083531,4.87227759,-0.7761138831172385,8.367507798204365e-05,51.027708173,100.7611
Lyxor ETF Private Equity Privex TR,FR0010413518,Full Replication,Capitalizing,0.02251195,0.12295515,-0.8169092551227013,1.7268318640857599e-06,10.7207685,78.7531
Lyxor ETF PRIVEX ,FR0010407197,Swap-based,Distributing,0.123980633,0.393617411,-0.6850224874834105,9.510224906945976e-06,40.888765107,101.58345
Lyxor ETF Russia (DJ Rusindex Titans 10),FR0010326140,Swap-based,Distributing,14.1980212,18.689777541,-0.24033225281287485,0.0010890924782226833,544.94603163,44.1154
Lyxor ETF Short Strategy Europe,FR0010589101,Swap-based,Distributing,3.64903055,8.8040188,-0.5855267199111387,0.00027990743701733457,26.555496,115.574
Lyxor ETF South Africa (FTSE JSE Top 40),FR0010464446,Swap-based,Distributing,5.498021641,3.752945752,0.4649883063377678,0.00042173863033241805,127.58194,59.7726
Lyxor ETF Turkey (DJ Turkey Titans 20),FR0010326256,Swap-based,Distributing,5.503174498,11.538280928,-0.5230507445311527,0.00042213389230033626,144.18493362,86.794
Lyxor ETF World Water,FR0010527275,Swap-based,Distributing,1.46906016,0.87659758,0.6758660912570622,0.00011268770117857069,48.004789079999995,85.27315
Market Access AMEX Gold Bugs Indexfonds,LU0259322260,Swap-based,Capitalizing,29.53680926,18.81915464,0.5695077608438206,0.0022656901509461123,100.91670090000001,87.83655
Market Access DAXglobal Asia Index Fund,LU0259323235,Swap-based,Capitalizing,1.144081495,0.64274907,0.7799815641895833,8.775945134370292e-05,18.978451739999997,250.14105
Market Access DAXglobal BRIC Index Fund,LU0269999792,Swap-based,Capitalizing,2.153701035,4.108205064,-0.4757561997396924,0.0001652046834215819,45.236058920000005,133.47105
Market Access DAXglobal Russia Index Fund,LU0269999958,Swap-based,Capitalizing,2.991232108,3.655703179,-0.18176286160676824,0.0002294494664820603,27.69759904,90.28155
Market Access DJ Turkey Titans 20 Index Fund,LU0269999362,Swap-based,Capitalizing,0.691989961,0.10136523,5.826699460949282,5.308071110153773e-05,6.5315,118.00745
Market Access FTSE/JSE Africa Top 40 Index Fund,LU0270000028,Swap-based,Capitalizing,0.22718118,0.54364741,-0.5821166884617366,1.7426464635209412e-05,9.73045766,91.3698
Market Access Jim Rogers International Commodity Index Fund,LU0249326488,Swap-based,Capitalizing,8.550030165,8.845884955,-0.03344547114336738,0.0006558500941862623,196.389704,55.3009
Market Access RICI-Agriculture Indexfonds,LU0259321452,Swap-based,Capitalizing,5.76934198,5.05170132,0.14205920234413227,0.000442550892564688,113.67364393999999,51.21835
Market Access RICI-Metals Indexfonds,LU0259320728,Swap-based,Capitalizing,2.08730093,4.38378247,-0.5238584614350172,0.00016011130781028922,34.71655735,51.3634
Market Access South-East Europe Traded Index Fund,LU0259329869,Swap-based,Capitalizing,0.113032988,0.217713847,-0.48081856272559453,8.670460149885875e-06,4.881707639999999,320.746
MSCI Europe Source ETF,IE00B60SWY32,Swap-based,Capitalizing,1.11207823,2.38952924,-0.534603631801551,8.530456592698955e-05,90.7553552,20.69145
MSCI Japan Source ETF,IE00B60SX287,Swap-based,Capitalizing,2.382876,0.2555,8.326324853228963,0.00018278408600610872,64.1554320444044,22.4213
MSCI USA Source ETF,IE00B60SX170,Swap-based,Capitalizing,1.31375991,0,,0.00010077503167635144,180.96943073045762,18.4237
MSCI World Source ETF,IE00B60SX394,Swap-based,Capitalizing,13.21360685,3.50799029,2.7667170538262806,0.0010135806692926142,184.7313943816152,28.2542
PowerShares Dynamic US Market Fund,IE00B23D9240,Full Replication,Distributing,0.007259,0,,5.568186008497056e-07,19.647005309999997,76.87215
PowerShares EQQQ Fund,IE0032077012,Full Replication,Distributing,19.97926288,7.007126815,1.8512774789848012,0.0015325561651536106,514.96,19.5944
PowerShares EuroMTS Cash 3 Months Fund,IE00B3BPCH51,Swap-based,Capitalizing,5.55398854,3.54545721,0.566508410913807,0.0004260317024353353,95.5396011,5.7618
PowerShares FTSE RAFI Asia Pacific Ex-Japan Fund,IE00B23D9463,Full Replication,Distributing,0.00010104,0.000188062,-0.4627303761525454,7.750509909058308e-09,1.798804497,69.4329
PowerShares FTSE RAFI Developed 1000 Fund,IE00B23D8W74,Full Replication,Distributing,0.00266527,0.02256521,-0.881885876532946,2.044457793479398e-07,4.082508164999999,49.37575
PowerShares FTSE RAFI Developed Europe Mid-Small Fund,IE00B23D8Y98,Full Replication,Distributing,0.53656741,0.565734205,-0.05155565059036882,4.115866021459572e-05,4.594807658,47.73055
PowerShares FTSE RAFI Emerging Markets Fund,IE00B23D9570,Full Replication,Distributing,0.06184314,0.652088655,-0.9051614538517005,4.743822935246241e-06,6.3100063099999995,103.77025
PowerShares FTSE RAFI Europe Fund,IE00B23D8X81,Full Replication,Distributing,0.20474027,0.056895434,2.5985360442105074,1.5705082060750925e-05,10.212006808,38.51485
PowerShares FTSE RAFI US 1000 Fund,IE00B23D8S39,Full Replication,Distributing,0.16118091,0.0224142,6.1910177476778125,1.236375930429568e-05,19.99200588,36.5138
PowerShares Global Clean Energy Fund,IE00B23D9133,Full Replication,Distributing,0.849470527,0.87699494,-0.03138491654239184,6.516062685042045e-05,7.482004988000001,52.9346
PowerShares Global Listed Private Equity Fund,IE00B23D8Z06,Swap-based,Distributing,0.013669938,0.026599054,-0.4860742791830116,1.048584619212319e-06,2.501505003,60.53125
PowerShares Palisades Global Water Fund,IE00B23D9026,Full Replication,Distributing,0.080737784,0.277605509,-0.7091636102942034,6.193180868244352e-06,4.917507025000001,44.8052
Russell 2000 Source ETF,IE00B60SX402,Swap-based,Capitalizing,0.2039,0.9524344,-0.7859170143371554,1.5640627181878355e-05,29.853329699569603,20.8336
UBS-ETF DJ EURO STOXX 50,LU0136234068,Full Replication,Distributing,15.2647721,25.09405819,-0.39169774835052296,0.001170920105112498,412.49711989172965,14.61675
UBS-ETF DJ EURO STOXX 50 I,LU0155367302,Full Replication,Distributing,12.16998461,8.93959842,0.36135696909750004,0.000933527180452218,382.7133069712402,10.0944
UBS-ETF EMU Values,LU0446734369,Full Replication,Distributing,0.11905248,0,,9.132199385767677e-06,90.59367215077962,20.012
UBS-ETF FTSE 100,LU0136242590,Full Replication,Distributing,1.2710093,2.132358,-0.40394188030340117,9.749574598332604e-05,177.72732518953896,39.82795
UBS-ETF MSCI Canada,LU0446734872,Full Replication,Distributing,0.30102846,0.97710096,-0.6919167288506195,2.3091093251569304e-05,13.85254433422867,47.35335
UBS-ETF MSCI Canada I,LU0446734955,Full Replication,Distributing,0,0.96636546,-1,0,0,39.2667894737
UBS-ETF MSCI EMU,LU0147308422,Full Replication,Distributing,8.760862115,12.38542017,-0.2926471613598879,0.0006720224528325517,209.46691099001603,15.51875
UBS-ETF MSCI EMU I,LU0446735093,Full Replication,Distributing,0,0,,0,0,20
UBS-ETF MSCI Europe,LU0446734104,Full Replication,Distributing,0,0,,0,12.910780132954818,19.9964736842
UBS-ETF MSCI Europe I,LU0446734286,Full Replication,Distributing,0,0,,0,17.219523035929,20
UBS-ETF MSCI Japan,LU0136240974,Full Replication,Distributing,3.66501315,2.611358487,0.40348909130835864,0.00028113341979319086,220.0964959772586,30.2747
UBS-ETF MSCI Japan I,LU0258212462,Full Replication,Distributing,0,1.011889,-1,0,184.0125851173501,35
UBS-ETF MSCI Pacific ex Japan,LU0446734526,Full Replication,Distributing,0.06645366,0.14902625,-0.554080841462494,5.09748367303238e-06,12.700312221402212,40.07025
UBS-ETF MSCI USA,LU0136234654,Full Replication,Distributing,10.41933611,12.1324837,-0.14120337041952924,0.000799239585969557,305.6728750774908,17.4365
UBS-ETF MSCI USA I,LU0446735259,Full Replication,Distributing,0,0,,0,19.651593697416978,20
UBS-ETF MSCI World,LU0340285161,Full Replication,Distributing,2.53515875,2.36509608,0.07190518450311756,0.00019446529110165155,98.6434631512915,22.8688
UBS-ETF MSCI World I,LU0446735416,Stratefied Sampling,Distributing,0,0,,0,8.4314769298893,30
Xmtch (IE) on iBoxx EUR Govt 1-3,IE00B3VTMJ91,Full Replication,Capitalizing,0,0,,0,38.2322695,17.939
Xmtch (IE) on iBoxx EUR Govt 3-7,IE00B3VTML14,Full Replication,Capitalizing,0,0.0290612,-1,0,43.903663800000004,21.8365
Xmtch (IE) on iBoxx EUR Govt 7-10,IE00B3VTN290,Full Replication,Capitalizing,0,1.2295284,-1,0,9.61878122,31.7556
Xmtch (IE) on iBoxx EUR Inflation Linked,IE00B3VTQ640,Full Replication,Capitalizing,1.16403724,0,,8.929020351477518e-05,21.8874184,43.71445
Xmtch (IE) on iBoxx USD Govt 1-3,IE00B3VWN179,Full Replication,Capitalizing,0,0,,0,12.16987398,13.56115
Xmtch (IE) on iBoxx USD Govt 3-7,IE00B3VWN393,Full Replication,Capitalizing,0,0,,0,47.50557628,18.8848
Xmtch (IE) on iBoxx USD Govt 7-10,IE00B3VWN518,Full Replication,Capitalizing,0,0,,0,12.42069598,33.73195
Xmtch (IE) on iBoxx USD Inflation Linked,IE00B3VTPS97,Full Replication,Capitalizing,0,0,,0,19.083488600000003,73.9363
Xmtch (IE) on MSCI EMU Small Cap,IE00B3VWMM18,Full Replication,Capitalizing,0.2889564,0.58529336,-0.5063050091666852,2.216507760773769e-05,21.850450799999997,44.71865
Xmtch (IE) on MSCI Japan Large Cap,IE00B3VWM213,Full Replication,Capitalizing,0.0013861,0,,1.0632404775282779e-07,410.81599346,78.5495
Xmtch (IE) on MSCI Japan Small Cap,IE00B3VWMK93,Full Replication,Capitalizing,0.1643814,0.02599273,5.32412986246539,1.2609260387617552e-05,16.75188616,208.50145
Xmtch (IE) on MSCI UK Large Cap,IE00B3VWKZ07,Full Replication,Capitalizing,0,0.00286244302117593,-1,0,34.06847364,70.66245
Xmtch (IE) on MSCI UK Small Cap,IE00B3VWLG82,Full Replication,Capitalizing,0,0,,0,9.49188828,93.80455
Xmtch (IE) on MSCI USA Large Cap,IE00B3VWLJ14,Full Replication,Capitalizing,0.378795340633498,0,,2.9056384017072875e-05,85.25395805,17.2389
Xmtch (IE) on MSCI USA Small Cap,IE00B3VWM098,Full Replication,Capitalizing,0,0,,0,23.656868560000003,76.77565
Xmtch (Lux) on MSCI Emerging Markets,LU0254097446,Full Replication,Distributing,0.485886735151874,2.8864069555916,-0.8316638150380682,3.7271080319423885e-05,301.22438244,58.29
XMTCH (Lux) on MSCI EMU Large Cap,LU0154139132,Full Replication,Distributing,3.674157807,5.62153338,-0.3464135924067038,0.00028183488213180365,887.42540544,22.3646
Total,573,,,13036.561617953783,13053.483298991605,-0.0012963345223822031,1,124478.92299177975,
,,,,,,,,,
"* Xetra Liquidity Measure (XLM) with round trip of 100,000 EUR",,,,,,,,,
,,,,,,,,,
Data is provided with the condition of no liability.,,,,,,,,,
