Date,Symbol,Price
02.01.08,V2TX,20.7962
03.01.08,V2TX,20.4077
04.01.08,V2TX,21.8046
07.01.08,V2TX,22.3151
08.01.08,V2TX,21.3083
09.01.08,V2TX,22.2657
10.01.08,V2TX,22.1956
11.01.08,V2TX,21.6025
14.01.08,V2TX,21.8863
15.01.08,V2TX,23.6132
16.01.08,V2TX,24.3042
17.01.08,V2TX,24.2938
18.01.08,V2TX,25.4405
21.01.08,V2TX,34.96
22.01.08,V2TX,33.7934
23.01.08,V2TX,40.2484
24.01.08,V2TX,34.8708
25.01.08,V2TX,33.6983
28.01.08,V2TX,33.4194
29.01.08,V2TX,31.8875
30.01.08,V2TX,32.2981
31.01.08,V2TX,30.0471
01.02.08,V2TX,27.4687
04.02.08,V2TX,27.218
05.02.08,V2TX,31.9584
06.02.08,V2TX,30.5677
07.02.08,V2TX,31.8031
08.02.08,V2TX,31.692
11.02.08,V2TX,31.9443
12.02.08,V2TX,28.6393
13.02.08,V2TX,27.9293
14.02.08,V2TX,28.0832
15.02.08,V2TX,29.3659
18.02.08,V2TX,28.0062
19.02.08,V2TX,27.8149
20.02.08,V2TX,29.0684
21.02.08,V2TX,28.3885
22.02.08,V2TX,28.7621
25.02.08,V2TX,27.8544
26.02.08,V2TX,25.8832
27.02.08,V2TX,25.249
28.02.08,V2TX,26.0736
29.02.08,V2TX,28.6914
03.03.08,V2TX,30.8962
04.03.08,V2TX,31.4554
05.03.08,V2TX,29.753
06.03.08,V2TX,30.6213
07.03.08,V2TX,31.556
10.03.08,V2TX,32.0537
11.03.08,V2TX,29.7674
12.03.08,V2TX,28.7552
13.03.08,V2TX,29.6542
14.03.08,V2TX,31.5852
17.03.08,V2TX,37.0497
18.03.08,V2TX,33.1468
19.03.08,V2TX,31.3786
20.03.08,V2TX,30.3668
25.03.08,V2TX,28.7098
26.03.08,V2TX,28.655
27.03.08,V2TX,27.129
28.03.08,V2TX,26.2793
31.03.08,V2TX,27.3083
01.04.08,V2TX,24.6244
02.04.08,V2TX,24.5911
03.04.08,V2TX,25.1853
04.04.08,V2TX,23.8251
07.04.08,V2TX,23.3615
08.04.08,V2TX,24.0381
09.04.08,V2TX,24.136
10.04.08,V2TX,23.7622
11.04.08,V2TX,24.7553
14.04.08,V2TX,25.933
15.04.08,V2TX,25.0443
16.04.08,V2TX,22.9991
17.04.08,V2TX,23.3232
18.04.08,V2TX,21.6331
21.04.08,V2TX,22.3629
22.04.08,V2TX,22.9447
23.04.08,V2TX,22.2164
24.04.08,V2TX,21.3973
25.04.08,V2TX,20.9661
28.04.08,V2TX,21.0962
29.04.08,V2TX,21.5211
30.04.08,V2TX,20.8781
02.05.08,V2TX,19.7693
05.05.08,V2TX,19.9163
06.05.08,V2TX,20.0878
07.05.08,V2TX,19.5765
08.05.08,V2TX,19.947
09.05.08,V2TX,20.6725
12.05.08,V2TX,21.1972
13.05.08,V2TX,21.8017
14.05.08,V2TX,19.6439
15.05.08,V2TX,18.8714
16.05.08,V2TX,18.5667
19.05.08,V2TX,18.245
20.05.08,V2TX,20.0612
21.05.08,V2TX,19.9703
22.05.08,V2TX,19.5563
23.05.08,V2TX,21.4552
26.05.08,V2TX,21.807
27.05.08,V2TX,21.6836
28.05.08,V2TX,20.7966
29.05.08,V2TX,19.9027
30.05.08,V2TX,19.6841
02.06.08,V2TX,21.599
03.06.08,V2TX,21.3422
04.06.08,V2TX,21.7176
05.06.08,V2TX,21.3381
06.06.08,V2TX,23.4071
09.06.08,V2TX,24.8098
10.06.08,V2TX,24.4123
11.06.08,V2TX,25.0875
12.06.08,V2TX,23.3041
13.06.08,V2TX,22.4832
16.06.08,V2TX,22.9637
17.06.08,V2TX,22.2066
18.06.08,V2TX,23.333
19.06.08,V2TX,23.0545
20.06.08,V2TX,24.0341
23.06.08,V2TX,23.0103
24.06.08,V2TX,23.3701
25.06.08,V2TX,21.9045
26.06.08,V2TX,24.5022
27.06.08,V2TX,24.9617
30.06.08,V2TX,24.6668
01.07.08,V2TX,26.2514
02.07.08,V2TX,26.3804
03.07.08,V2TX,25.7967
04.07.08,V2TX,26.7919
07.07.08,V2TX,25.8164
08.07.08,V2TX,26.8474
09.07.08,V2TX,25.4267
10.07.08,V2TX,27.378
11.07.08,V2TX,29.2661
14.07.08,V2TX,28.9311
15.07.08,V2TX,30.0551
16.07.08,V2TX,28.8021
17.07.08,V2TX,26.7422
18.07.08,V2TX,24.8921
21.07.08,V2TX,24.8824
22.07.08,V2TX,24.4802
23.07.08,V2TX,23.7313
24.07.08,V2TX,23.9227
25.07.08,V2TX,23.8577
28.07.08,V2TX,24.819
29.07.08,V2TX,24.533
30.07.08,V2TX,23.2157
31.07.08,V2TX,23.3294
01.08.08,V2TX,24.1877
04.08.08,V2TX,25.0392
05.08.08,V2TX,23.1793
06.08.08,V2TX,22.184
07.08.08,V2TX,22.6124
08.08.08,V2TX,22.1286
11.08.08,V2TX,22.3518
12.08.08,V2TX,22.5546
13.08.08,V2TX,24.3456
14.08.08,V2TX,23.177
15.08.08,V2TX,22.1116
18.08.08,V2TX,21.8863
19.08.08,V2TX,24.0236
20.08.08,V2TX,22.9651
21.08.08,V2TX,23.2701
22.08.08,V2TX,21.6044
25.08.08,V2TX,22.9001
26.08.08,V2TX,22.0995
27.08.08,V2TX,21.892
28.08.08,V2TX,21.109
29.08.08,V2TX,21.0605
01.09.08,V2TX,21.6154
02.09.08,V2TX,21.2336
03.09.08,V2TX,22.176
04.09.08,V2TX,24.9709
05.09.08,V2TX,26.8459
08.09.08,V2TX,26.1796
09.09.08,V2TX,26.7135
10.09.08,V2TX,27.5169
11.09.08,V2TX,28.0361
12.09.08,V2TX,27.0376
15.09.08,V2TX,32.5904
16.09.08,V2TX,36.1855
17.09.08,V2TX,37.5264
18.09.08,V2TX,37.5541
19.09.08,V2TX,35.189
22.09.08,V2TX,32.7151
23.09.08,V2TX,32.5721
24.09.08,V2TX,32.62
25.09.08,V2TX,32.6568
26.09.08,V2TX,38.3677
29.09.08,V2TX,39.4009
30.09.08,V2TX,40.3874
01.10.08,V2TX,41.9211
02.10.08,V2TX,42.9811
03.10.08,V2TX,41.163
06.10.08,V2TX,51.0569
07.10.08,V2TX,50.7059
08.10.08,V2TX,60.6701
09.10.08,V2TX,58.3927
10.10.08,V2TX,81.0342
13.10.08,V2TX,67.0469
14.10.08,V2TX,60.3095
15.10.08,V2TX,65.453
16.10.08,V2TX,87.5127
17.10.08,V2TX,77.1459
20.10.08,V2TX,63.2838
21.10.08,V2TX,56.1841
22.10.08,V2TX,61.8945
23.10.08,V2TX,64.709
24.10.08,V2TX,74.7359
27.10.08,V2TX,76.5431
28.10.08,V2TX,74.6871
29.10.08,V2TX,71.0051
30.10.08,V2TX,66.1426
31.10.08,V2TX,60.6773
03.11.08,V2TX,54.6093
04.11.08,V2TX,47.9394
05.11.08,V2TX,49.1021
06.11.08,V2TX,60.7084
07.11.08,V2TX,56.5929
10.11.08,V2TX,55.6689
11.11.08,V2TX,63.4876
12.11.08,V2TX,66.423
13.11.08,V2TX,64.4387
14.11.08,V2TX,62.4765
17.11.08,V2TX,66.8718
18.11.08,V2TX,63.9043
19.11.08,V2TX,68.5178
20.11.08,V2TX,72.8475
21.11.08,V2TX,74.135
24.11.08,V2TX,63.6637
25.11.08,V2TX,61.2037
26.11.08,V2TX,56.4852
27.11.08,V2TX,51.4683
28.11.08,V2TX,51.4443
01.12.08,V2TX,57.5519
02.12.08,V2TX,55.725
03.12.08,V2TX,54.1926
04.12.08,V2TX,54.5307
05.12.08,V2TX,58.7765
08.12.08,V2TX,54.4561
09.12.08,V2TX,52.6486
10.12.08,V2TX,50.4021
11.12.08,V2TX,48.9477
12.12.08,V2TX,52.8018
15.12.08,V2TX,53.2142
16.12.08,V2TX,50.8983
17.12.08,V2TX,49.6669
18.12.08,V2TX,46.9906
19.12.08,V2TX,41.3543
22.12.08,V2TX,40.2847
23.12.08,V2TX,40.2933
29.12.08,V2TX,43.1535
30.12.08,V2TX,43.867
02.01.09,V2TX,42.0759
05.01.09,V2TX,41.2661
06.01.09,V2TX,40.2438
07.01.09,V2TX,40.8587
08.01.09,V2TX,41.7652
09.01.09,V2TX,41.2944
12.01.09,V2TX,44.3165
13.01.09,V2TX,46.211
14.01.09,V2TX,52.9712
15.01.09,V2TX,56.3255
16.01.09,V2TX,48.8924
19.01.09,V2TX,50.4385
20.01.09,V2TX,53.5249
21.01.09,V2TX,52.8565
22.01.09,V2TX,50.2596
23.01.09,V2TX,50.2258
26.01.09,V2TX,47.0806
27.01.09,V2TX,44.5956
28.01.09,V2TX,42.9118
29.01.09,V2TX,44.0922
30.01.09,V2TX,44.7879
02.02.09,V2TX,47.7669
03.02.09,V2TX,45.1034
04.02.09,V2TX,41.6801
05.02.09,V2TX,42.5783
06.02.09,V2TX,41.8338
09.02.09,V2TX,42.2965
10.02.09,V2TX,44.8143
11.02.09,V2TX,43.4229
12.02.09,V2TX,44.3833
13.02.09,V2TX,41.8443
16.02.09,V2TX,44.3442
17.02.09,V2TX,48.4869
18.02.09,V2TX,47.9571
19.02.09,V2TX,45.144
20.02.09,V2TX,48.5138
23.02.09,V2TX,50.2729
24.02.09,V2TX,49.5507
25.02.09,V2TX,47.2166
26.02.09,V2TX,42.3922
27.02.09,V2TX,42.8901
02.03.09,V2TX,49.5401
03.03.09,V2TX,48.6386
04.03.09,V2TX,44.6056
05.03.09,V2TX,47.161
06.03.09,V2TX,49.5518
09.03.09,V2TX,47.2138
10.03.09,V2TX,45.3903
11.03.09,V2TX,45.0484
12.03.09,V2TX,45.351
13.03.09,V2TX,43.8933
16.03.09,V2TX,43.5812
17.03.09,V2TX,43.4147
18.03.09,V2TX,42.9651
19.03.09,V2TX,42.6267
20.03.09,V2TX,43.4136
23.03.09,V2TX,41.943
24.03.09,V2TX,40.8814
25.03.09,V2TX,40.2273
26.03.09,V2TX,39.0276
27.03.09,V2TX,40.3235
30.03.09,V2TX,44.91
31.03.09,V2TX,42.4096
01.04.09,V2TX,41.734
02.04.09,V2TX,42.0951
03.04.09,V2TX,40.5362
06.04.09,V2TX,41.0818
07.04.09,V2TX,40.1621
08.04.09,V2TX,38.9694
09.04.09,V2TX,37.6085
14.04.09,V2TX,40.2195
15.04.09,V2TX,39.7173
16.04.09,V2TX,37.2958
17.04.09,V2TX,36.7027
20.04.09,V2TX,41.0013
21.04.09,V2TX,40.8736
22.04.09,V2TX,39.5964
23.04.09,V2TX,39.1905
24.04.09,V2TX,37.381
27.04.09,V2TX,37.8879
28.04.09,V2TX,39.7768
29.04.09,V2TX,37.4512
30.04.09,V2TX,36.8821
04.05.09,V2TX,36.7636
05.05.09,V2TX,37.3667
06.05.09,V2TX,36.2625
07.05.09,V2TX,38.0156
08.05.09,V2TX,36.0588
11.05.09,V2TX,36.8538
12.05.09,V2TX,34.9507
13.05.09,V2TX,36.4547
14.05.09,V2TX,36.111
15.05.09,V2TX,33.1914
18.05.09,V2TX,32.3116
19.05.09,V2TX,31.9277
20.05.09,V2TX,31.3056
21.05.09,V2TX,34.4813
22.05.09,V2TX,32.5318
25.05.09,V2TX,33.6486
26.05.09,V2TX,32.6654
27.05.09,V2TX,32.0679
28.05.09,V2TX,33.8191
29.05.09,V2TX,33.0374
01.06.09,V2TX,31.804
02.06.09,V2TX,31.413
03.06.09,V2TX,32.502
04.06.09,V2TX,31.5158
05.06.09,V2TX,29.7774
08.06.09,V2TX,31.2235
09.06.09,V2TX,30.3638
10.06.09,V2TX,29.2578
11.06.09,V2TX,27.5128
12.06.09,V2TX,28.1235
15.06.09,V2TX,31.9685
16.06.09,V2TX,31.8921
17.06.09,V2TX,34.6359
18.06.09,V2TX,32.4386
19.06.09,V2TX,30.9232
22.06.09,V2TX,36.0495
23.06.09,V2TX,33.5941
24.06.09,V2TX,30.845
25.06.09,V2TX,31.0569
26.06.09,V2TX,30.8491
29.06.09,V2TX,29.3802
30.06.09,V2TX,30.2413
01.07.09,V2TX,28.844
02.07.09,V2TX,31.7683
03.07.09,V2TX,31.3897
06.07.09,V2TX,33.5458
07.07.09,V2TX,34.3639
08.07.09,V2TX,34.8517
09.07.09,V2TX,32.573
10.07.09,V2TX,32.3493
13.07.09,V2TX,30.922
14.07.09,V2TX,29.6485
15.07.09,V2TX,27.7768
16.07.09,V2TX,26.8815
17.07.09,V2TX,26.0077
20.07.09,V2TX,27.2222
21.07.09,V2TX,27.5213
22.07.09,V2TX,27.6468
23.07.09,V2TX,26.8172
24.07.09,V2TX,26.7054
27.07.09,V2TX,27.5235
28.07.09,V2TX,28.1188
29.07.09,V2TX,27.7072
30.07.09,V2TX,27.0683
31.07.09,V2TX,28.1252
03.08.09,V2TX,29.5341
04.08.09,V2TX,28.5486
05.08.09,V2TX,27.5867
06.08.09,V2TX,26.9297
07.08.09,V2TX,26.0442
10.08.09,V2TX,26.8358
11.08.09,V2TX,27.852
12.08.09,V2TX,27.0173
13.08.09,V2TX,26.3011
14.08.09,V2TX,27.52
17.08.09,V2TX,32.1671
18.08.09,V2TX,30.4847
19.08.09,V2TX,30.4972
20.08.09,V2TX,28.472
21.08.09,V2TX,26.952
24.08.09,V2TX,28.2983
25.08.09,V2TX,27.8497
26.08.09,V2TX,28.367
27.08.09,V2TX,28.0978
28.08.09,V2TX,27.5908
31.08.09,V2TX,29.5215
01.09.09,V2TX,31.539
02.09.09,V2TX,31.124
03.09.09,V2TX,30.3085
04.09.09,V2TX,28.1169
07.09.09,V2TX,27.843
08.09.09,V2TX,27.4227
09.09.09,V2TX,26.3146
10.09.09,V2TX,25.934
11.09.09,V2TX,25.7152
14.09.09,V2TX,26.868
15.09.09,V2TX,26.4976
16.09.09,V2TX,25.9829
17.09.09,V2TX,25.9097
18.09.09,V2TX,25.6896
21.09.09,V2TX,26.0353
22.09.09,V2TX,25.5304
23.09.09,V2TX,25.5973
24.09.09,V2TX,27.1057
25.09.09,V2TX,27.1017
28.09.09,V2TX,26.4844
29.09.09,V2TX,26.2436
30.09.09,V2TX,26.8181
01.10.09,V2TX,29.224
02.10.09,V2TX,30.1776
05.10.09,V2TX,29.3201
06.10.09,V2TX,27.5164
07.10.09,V2TX,27.2934
08.10.09,V2TX,26.0493
09.10.09,V2TX,26.2717
12.10.09,V2TX,25.8123
13.10.09,V2TX,27.0429
14.10.09,V2TX,25.38
15.10.09,V2TX,24.7769
16.10.09,V2TX,25.199
19.10.09,V2TX,25.2672
20.10.09,V2TX,24.5576
21.10.09,V2TX,23.842
22.10.09,V2TX,24.3875
23.10.09,V2TX,24.4296
26.10.09,V2TX,27.2798
27.10.09,V2TX,27.4338
28.10.09,V2TX,28.8978
29.10.09,V2TX,27.4348
30.10.09,V2TX,31.3257
02.11.09,V2TX,30.9759
03.11.09,V2TX,31.7691
04.11.09,V2TX,29.5213
05.11.09,V2TX,28.267
06.11.09,V2TX,27.4821
09.11.09,V2TX,26.3446
10.11.09,V2TX,26.3612
11.11.09,V2TX,26.5252
12.11.09,V2TX,26.5419
13.11.09,V2TX,25.7949
16.11.09,V2TX,26.0885
17.11.09,V2TX,26.6583
18.11.09,V2TX,25.3958
19.11.09,V2TX,26.5245
20.11.09,V2TX,26.5338
23.11.09,V2TX,24.971
24.11.09,V2TX,24.9072
25.11.09,V2TX,23.6802
26.11.09,V2TX,30.3482
27.11.09,V2TX,28.3598
30.11.09,V2TX,30.2813
01.12.09,V2TX,26.9483
02.12.09,V2TX,26.3854
03.12.09,V2TX,26.1293
04.12.09,V2TX,24.8832
07.12.09,V2TX,24.8858
08.12.09,V2TX,26.6741
09.12.09,V2TX,28.3235
10.12.09,V2TX,26.963
11.12.09,V2TX,25.2094
14.12.09,V2TX,24.4541
15.12.09,V2TX,23.9015
16.12.09,V2TX,23.2551
17.12.09,V2TX,24.101
18.12.09,V2TX,25.1044
21.12.09,V2TX,23.3807
22.12.09,V2TX,23.2634
23.12.09,V2TX,22.8498
28.12.09,V2TX,23.5164
29.12.09,V2TX,23.3564
30.12.09,V2TX,24.0577
04.01.10,V2TX,23.5136
05.01.10,V2TX,23.1342
06.01.10,V2TX,22.9753
07.01.10,V2TX,22.6947
08.01.10,V2TX,21.9757
11.01.10,V2TX,22.7292
12.01.10,V2TX,22.9229
13.01.10,V2TX,22.607
14.01.10,V2TX,20.5491
15.01.10,V2TX,22.2754
18.01.10,V2TX,20.9832
19.01.10,V2TX,20.3124
20.01.10,V2TX,23.4058
21.01.10,V2TX,26.415
22.01.10,V2TX,27.0923
25.01.10,V2TX,27.0738
26.01.10,V2TX,25.68
27.01.10,V2TX,27.4525
28.01.10,V2TX,28.1495
29.01.10,V2TX,26.7238
01.02.10,V2TX,26.3665
02.02.10,V2TX,24.871
03.02.10,V2TX,25.4074
04.02.10,V2TX,29.2653
05.02.10,V2TX,30.5511
08.02.10,V2TX,29.9954
09.02.10,V2TX,29.5998
10.02.10,V2TX,29.2527
11.02.10,V2TX,29.1073
12.02.10,V2TX,28.4507
15.02.10,V2TX,28.3269
16.02.10,V2TX,26.7825
17.02.10,V2TX,25.6233
18.02.10,V2TX,24.5976
19.02.10,V2TX,23.8134
22.02.10,V2TX,23.8859
23.02.10,V2TX,25.2581
24.02.10,V2TX,25.0557
25.02.10,V2TX,25.7752
26.02.10,V2TX,24.3654
01.03.10,V2TX,24.2057
02.03.10,V2TX,23.0869
03.03.10,V2TX,22.5647
04.03.10,V2TX,22.509
05.03.10,V2TX,20.8733
08.03.10,V2TX,22.1037
09.03.10,V2TX,21.9089
10.03.10,V2TX,21.8234
11.03.10,V2TX,21.6064
12.03.10,V2TX,21.9337
15.03.10,V2TX,22.5512
16.03.10,V2TX,21.5082
17.03.10,V2TX,20.4596
18.03.10,V2TX,20.7944
19.03.10,V2TX,20.4963
22.03.10,V2TX,21.0976
23.03.10,V2TX,19.935
24.03.10,V2TX,20.6059
25.03.10,V2TX,19.8877
26.03.10,V2TX,19.7951
29.03.10,V2TX,20.3509
30.03.10,V2TX,20.4679
31.03.10,V2TX,20.5988
01.04.10,V2TX,19.9987
06.04.10,V2TX,20.6297
07.04.10,V2TX,21.151
08.04.10,V2TX,22.4955
09.04.10,V2TX,20.5366
12.04.10,V2TX,20.7268
13.04.10,V2TX,21.0781
14.04.10,V2TX,20.7926
15.04.10,V2TX,20.2712
16.04.10,V2TX,22.4362
19.04.10,V2TX,23.2228
20.04.10,V2TX,21.0511
21.04.10,V2TX,22.4995
22.04.10,V2TX,24.7953
23.04.10,V2TX,24.004
26.04.10,V2TX,24.3701
27.04.10,V2TX,28.556
28.04.10,V2TX,31.4532
29.04.10,V2TX,29.5246
30.04.10,V2TX,28.89
03.05.10,V2TX,28.7236
04.05.10,V2TX,33.146
05.05.10,V2TX,33.2533
06.05.10,V2TX,36.8128
07.05.10,V2TX,49.5956
10.05.10,V2TX,38.6586
11.05.10,V2TX,39.153
12.05.10,V2TX,34.2833
13.05.10,V2TX,31.6534
14.05.10,V2TX,42.5944
17.05.10,V2TX,41.8704
18.05.10,V2TX,37.2068
19.05.10,V2TX,44.7352
20.05.10,V2TX,49.8735
21.05.10,V2TX,46.1742
24.05.10,V2TX,42.6168
25.05.10,V2TX,45.1801
26.05.10,V2TX,40.0068
27.05.10,V2TX,34.9147
28.05.10,V2TX,33.8757
31.05.10,V2TX,34.3976
01.06.10,V2TX,35.27
02.06.10,V2TX,35.4258
03.06.10,V2TX,33.3359
04.06.10,V2TX,37.6914
07.06.10,V2TX,40.8221
08.06.10,V2TX,41.6163
09.06.10,V2TX,36.3198
10.06.10,V2TX,33.0699
11.06.10,V2TX,31.3614
14.06.10,V2TX,29.638
15.06.10,V2TX,28.2771
16.06.10,V2TX,28.9965
17.06.10,V2TX,29.1763
18.06.10,V2TX,26.9603
21.06.10,V2TX,26.6207
22.06.10,V2TX,26.419
23.06.10,V2TX,28.6733
24.06.10,V2TX,31.3907
25.06.10,V2TX,32.1028
28.06.10,V2TX,30.097
29.06.10,V2TX,35.0433
30.06.10,V2TX,34.3161
01.07.10,V2TX,36.2527
02.07.10,V2TX,33.5925
05.07.10,V2TX,32.5953
06.07.10,V2TX,31.0215
07.07.10,V2TX,30.2616
08.07.10,V2TX,29.0105
09.07.10,V2TX,27.9513
12.07.10,V2TX,28.2624
13.07.10,V2TX,26.8765
14.07.10,V2TX,27.7218
15.07.10,V2TX,27.2994
16.07.10,V2TX,27.0579
19.07.10,V2TX,28.5292
20.07.10,V2TX,28.2169
21.07.10,V2TX,28.4295
22.07.10,V2TX,27.2761
23.07.10,V2TX,28.0725
26.07.10,V2TX,26.7958
27.07.10,V2TX,26.4061
28.07.10,V2TX,26.6136
29.07.10,V2TX,27.1207
30.07.10,V2TX,27.1611
02.08.10,V2TX,26.3127
03.08.10,V2TX,26.1666
04.08.10,V2TX,25.4719
05.08.10,V2TX,25.1036
06.08.10,V2TX,27.1054
09.08.10,V2TX,25.8315
10.08.10,V2TX,27.0942
11.08.10,V2TX,30.0144
12.08.10,V2TX,29.3678
13.08.10,V2TX,29.1965
16.08.10,V2TX,29.9967
17.08.10,V2TX,27.7678
18.08.10,V2TX,26.7371
19.08.10,V2TX,29.33
20.08.10,V2TX,29.0491
23.08.10,V2TX,28.2907
24.08.10,V2TX,30.0343
25.08.10,V2TX,30.8373
26.08.10,V2TX,29.9828
27.08.10,V2TX,28.3184
30.08.10,V2TX,29.0896
31.08.10,V2TX,29.3735
01.09.10,V2TX,26.2515
02.09.10,V2TX,25.9121
03.09.10,V2TX,24.5597
06.09.10,V2TX,24.4704
07.09.10,V2TX,25.2572
08.09.10,V2TX,24.858
09.09.10,V2TX,24.2136
10.09.10,V2TX,24.6199
13.09.10,V2TX,23.7725
14.09.10,V2TX,23.2662
15.09.10,V2TX,23.5735
16.09.10,V2TX,24.0703
17.09.10,V2TX,24.5388
20.09.10,V2TX,24.1468
21.09.10,V2TX,25.0769
22.09.10,V2TX,25.4218
23.09.10,V2TX,25.563
24.09.10,V2TX,23.6604
27.09.10,V2TX,24.559
28.09.10,V2TX,24.7616
29.09.10,V2TX,25.0618
30.09.10,V2TX,26.1124
01.10.10,V2TX,26.3651
04.10.10,V2TX,27.0484
05.10.10,V2TX,25.113
06.10.10,V2TX,24.6471
07.10.10,V2TX,23.9852
08.10.10,V2TX,22.8174
11.10.10,V2TX,22.5377
12.10.10,V2TX,22.751
13.10.10,V2TX,21.7702
14.10.10,V2TX,21.4778
15.10.10,V2TX,21.5816
18.10.10,V2TX,21.3909
19.10.10,V2TX,22.0645
20.10.10,V2TX,21.7151
21.10.10,V2TX,22.0435
22.10.10,V2TX,21.7654
25.10.10,V2TX,22.0429
26.10.10,V2TX,22.1475
27.10.10,V2TX,23.9142
28.10.10,V2TX,22.81
29.10.10,V2TX,23.3884
01.11.10,V2TX,24.6186
02.11.10,V2TX,23.8859
03.11.10,V2TX,25.4353
04.11.10,V2TX,21.5165
05.11.10,V2TX,21.8485
08.11.10,V2TX,21.7672
09.11.10,V2TX,20.6317
10.11.10,V2TX,22.6167
11.11.10,V2TX,23.4862
12.11.10,V2TX,24.6155
15.11.10,V2TX,23.6229
16.11.10,V2TX,26.3614
17.11.10,V2TX,24.7764
18.11.10,V2TX,22.9185
19.11.10,V2TX,22.0588
22.11.10,V2TX,23.3719
23.11.10,V2TX,27.629
24.11.10,V2TX,26.378
25.11.10,V2TX,25.4157
26.11.10,V2TX,28.4384
29.11.10,V2TX,30.6685
30.11.10,V2TX,31.0728
01.12.10,V2TX,28.1338
02.12.10,V2TX,25.3572
03.12.10,V2TX,23.8826
06.12.10,V2TX,24.7228
07.12.10,V2TX,23.3351
08.12.10,V2TX,22.4882
09.12.10,V2TX,21.6528
10.12.10,V2TX,21.1483
13.12.10,V2TX,20.4241
14.12.10,V2TX,19.7225
15.12.10,V2TX,19.8565
16.12.10,V2TX,18.3588
17.12.10,V2TX,19.2522
20.12.10,V2TX,18.68
21.12.10,V2TX,18.4719
22.12.10,V2TX,18.5947
23.12.10,V2TX,19.5693
27.12.10,V2TX,22.5773
28.12.10,V2TX,22.5709
29.12.10,V2TX,22.009
30.12.10,V2TX,23.9165
03.01.11,V2TX,23.6239
04.01.11,V2TX,23.156
05.01.11,V2TX,23.0796
06.01.11,V2TX,23.3018
07.01.11,V2TX,23.9501
10.01.11,V2TX,25.7194
11.01.11,V2TX,23.8595
12.01.11,V2TX,22.2715
13.01.11,V2TX,21.4741
14.01.11,V2TX,20.4446
17.01.11,V2TX,21.1731
18.01.11,V2TX,20.1918
19.01.11,V2TX,21.2715
20.01.11,V2TX,21.1074
21.01.11,V2TX,19.8027
24.01.11,V2TX,20.3845
25.01.11,V2TX,21.5594
26.01.11,V2TX,21.5269
27.01.11,V2TX,21.1087
28.01.11,V2TX,22.1322
31.01.11,V2TX,22.7339
01.02.11,V2TX,22.1521
02.02.11,V2TX,21.6554
03.02.11,V2TX,22.0919
04.02.11,V2TX,20.8982
07.02.11,V2TX,20.3702
08.02.11,V2TX,20.206
09.02.11,V2TX,19.7493
10.02.11,V2TX,19.7522
11.02.11,V2TX,19.946
14.02.11,V2TX,20.7408
15.02.11,V2TX,20.4386
16.02.11,V2TX,19.1885
17.02.11,V2TX,19.9957
18.02.11,V2TX,19.6952
21.02.11,V2TX,22.1446
22.02.11,V2TX,23.9321
23.02.11,V2TX,24.9891
24.02.11,V2TX,24.9885
25.02.11,V2TX,23.1032
28.02.11,V2TX,22.7141
01.03.11,V2TX,23.82
02.03.11,V2TX,24.5965
03.03.11,V2TX,23.9314
04.03.11,V2TX,23.6358
07.03.11,V2TX,24.4135
08.03.11,V2TX,23.4535
09.03.11,V2TX,23.4775
10.03.11,V2TX,24.1369
11.03.11,V2TX,24.7086
14.03.11,V2TX,26.7431
15.03.11,V2TX,31.0104
16.03.11,V2TX,35.2293
17.03.11,V2TX,30.6133
18.03.11,V2TX,28.5337
21.03.11,V2TX,25.2355
22.03.11,V2TX,24.3914
23.03.11,V2TX,23.9226
24.03.11,V2TX,22.1
25.03.11,V2TX,22.0837
28.03.11,V2TX,22.4799
29.03.11,V2TX,22.4978
30.03.11,V2TX,21.4727
31.03.11,V2TX,22.08
01.04.11,V2TX,20.4234
04.04.11,V2TX,20.6621
05.04.11,V2TX,20.5154
06.04.11,V2TX,20.155
07.04.11,V2TX,21.0214
08.04.11,V2TX,19.9611
11.04.11,V2TX,19.98
12.04.11,V2TX,22.4991
13.04.11,V2TX,21.1973
14.04.11,V2TX,20.7375
15.04.11,V2TX,18.8037
18.04.11,V2TX,22.7879
19.04.11,V2TX,20.8171
20.04.11,V2TX,19.0849
21.04.11,V2TX,18.9266
26.04.11,V2TX,19.4866
27.04.11,V2TX,19.8336
28.04.11,V2TX,18.8269
29.04.11,V2TX,18.4785
02.05.11,V2TX,19.6212
03.05.11,V2TX,20.7988
04.05.11,V2TX,21.8564
05.05.11,V2TX,22.5461
06.05.11,V2TX,19.9772
09.05.11,V2TX,22.5141
10.05.11,V2TX,21.5022
11.05.11,V2TX,21.0675
12.05.11,V2TX,21.8671
13.05.11,V2TX,22.0822
16.05.11,V2TX,22.3774
17.05.11,V2TX,23.103
18.05.11,V2TX,22.356
19.05.11,V2TX,21.0276
20.05.11,V2TX,22.3836
23.05.11,V2TX,24.7811
24.05.11,V2TX,23.767
25.05.11,V2TX,22.6511
26.05.11,V2TX,22.7415
27.05.11,V2TX,21.4688
30.05.11,V2TX,21.7424
31.05.11,V2TX,20.353
01.06.11,V2TX,20.9271
02.06.11,V2TX,22.8441
03.06.11,V2TX,22.6548
06.06.11,V2TX,23.1505
07.06.11,V2TX,22.3739
08.06.11,V2TX,22.6861
09.06.11,V2TX,20.9443
10.06.11,V2TX,22.6181
13.06.11,V2TX,22.8375
14.06.11,V2TX,21.3224
15.06.11,V2TX,23.0617
16.06.11,V2TX,24.4295
17.06.11,V2TX,24.25
20.06.11,V2TX,25.5434
21.06.11,V2TX,24.7477
22.06.11,V2TX,23.3426
23.06.11,V2TX,27.3023
24.06.11,V2TX,27.1728
27.06.11,V2TX,28.2016
28.06.11,V2TX,27.6888
29.06.11,V2TX,24.061
30.06.11,V2TX,21.5622
01.07.11,V2TX,19.7294
04.07.11,V2TX,19.7265
05.07.11,V2TX,20.2611
06.07.11,V2TX,20.9197
07.07.11,V2TX,20.5946
08.07.11,V2TX,22.4146
11.07.11,V2TX,26.2613
12.07.11,V2TX,28.2541
13.07.11,V2TX,26.4656
14.07.11,V2TX,27.271
15.07.11,V2TX,28.1168
18.07.11,V2TX,31.0008
19.07.11,V2TX,28.9959
20.07.11,V2TX,27.6237
21.07.11,V2TX,23.8296
22.07.11,V2TX,22.4011
25.07.11,V2TX,24.5023
26.07.11,V2TX,24.0382
27.07.11,V2TX,26.0272
28.07.11,V2TX,26.5424
29.07.11,V2TX,27.6238
01.08.11,V2TX,29.0047
02.08.11,V2TX,29.346
03.08.11,V2TX,29.7215
04.08.11,V2TX,34.629
05.08.11,V2TX,39.2459
08.08.11,V2TX,45.3038
09.08.11,V2TX,46.3979
10.08.11,V2TX,49.4966
11.08.11,V2TX,48.7042
12.08.11,V2TX,44.8485
15.08.11,V2TX,40.353
16.08.11,V2TX,38.0487
17.08.11,V2TX,35.0436
18.08.11,V2TX,47.1694
19.08.11,V2TX,47.306
22.08.11,V2TX,46.5895
23.08.11,V2TX,44.353
24.08.11,V2TX,42.1282
25.08.11,V2TX,44.3803
26.08.11,V2TX,43.5524
29.08.11,V2TX,39.2544
30.08.11,V2TX,38.1572
31.08.11,V2TX,35.6495
01.09.11,V2TX,36.5683
02.09.11,V2TX,40.0959
05.09.11,V2TX,46.8414
06.09.11,V2TX,47.8677
07.09.11,V2TX,43.4696
08.09.11,V2TX,41.6299
09.09.11,V2TX,49.7943
12.09.11,V2TX,53.5472
13.09.11,V2TX,49.1151
14.09.11,V2TX,46.7296
15.09.11,V2TX,42.2886
16.09.11,V2TX,42.963
19.09.11,V2TX,45.6132
20.09.11,V2TX,42.7855
21.09.11,V2TX,44.1387
22.09.11,V2TX,47.781
23.09.11,V2TX,48.5408
26.09.11,V2TX,49.2866
27.09.11,V2TX,45.5196
28.09.11,V2TX,46.3864
29.09.11,V2TX,44.442
30.09.11,V2TX,46.6796
03.10.11,V2TX,48.6534
04.10.11,V2TX,50.4407
05.10.11,V2TX,45.597
06.10.11,V2TX,42.6277
07.10.11,V2TX,40.5639
10.10.11,V2TX,37.9148
11.10.11,V2TX,38.1751
12.10.11,V2TX,35.7679
13.10.11,V2TX,38.7483
14.10.11,V2TX,34.9396
17.10.11,V2TX,38.8089
18.10.11,V2TX,39.665
19.10.11,V2TX,39.8925
20.10.11,V2TX,44.6144
21.10.11,V2TX,40.7402
24.10.11,V2TX,37.3083
25.10.11,V2TX,37.8419
26.10.11,V2TX,37.7721
27.10.11,V2TX,30.3371
28.10.11,V2TX,31.2429
31.10.11,V2TX,35.1198
01.11.11,V2TX,42.9562
02.11.11,V2TX,42.1425
03.11.11,V2TX,40.054
04.11.11,V2TX,41.4944
07.11.11,V2TX,42.2205
08.11.11,V2TX,39.6689
09.11.11,V2TX,41.7228
10.11.11,V2TX,43.7184
11.11.11,V2TX,39.5323
14.11.11,V2TX,40.1517
15.11.11,V2TX,39.6113
16.11.11,V2TX,38.0763
17.11.11,V2TX,39.0576
18.11.11,V2TX,38.2997
21.11.11,V2TX,41.2081
22.11.11,V2TX,39.5623
23.11.11,V2TX,40.9728
24.11.11,V2TX,40.3246
25.11.11,V2TX,40.8202
28.11.11,V2TX,38.9704
29.11.11,V2TX,38.6637
30.11.11,V2TX,37.0829
01.12.11,V2TX,36.5396
02.12.11,V2TX,35.6881
05.12.11,V2TX,35.9744
06.12.11,V2TX,36.9213
07.12.11,V2TX,37.2166
08.12.11,V2TX,39.3825
09.12.11,V2TX,34.9028
12.12.11,V2TX,36.2503
13.12.11,V2TX,33.6736
14.12.11,V2TX,34.4891
15.12.11,V2TX,31.424
16.12.11,V2TX,31.1426
19.12.11,V2TX,30.9926
20.12.11,V2TX,30.3271
21.12.11,V2TX,30.2552
22.12.11,V2TX,28.8742
23.12.11,V2TX,28.5177
27.12.11,V2TX,29.749
28.12.11,V2TX,31.8173
29.12.11,V2TX,32.1867
30.12.11,V2TX,32.1544
02.01.12,V2TX,31.3029
03.01.12,V2TX,30.017
04.01.12,V2TX,30.4656
05.01.12,V2TX,31.0151
06.01.12,V2TX,30.5586
09.01.12,V2TX,30.1779
10.01.12,V2TX,28.3412
11.01.12,V2TX,28.4621
12.01.12,V2TX,28.5518
13.01.12,V2TX,28.916
16.01.12,V2TX,27.998
17.01.12,V2TX,28.1469
18.01.12,V2TX,27.76
19.01.12,V2TX,26.5407
20.01.12,V2TX,25.0315
23.01.12,V2TX,25.6521
24.01.12,V2TX,25.295
25.01.12,V2TX,25.2399
26.01.12,V2TX,24.2408
27.01.12,V2TX,24.3981
30.01.12,V2TX,26.8831
31.01.12,V2TX,26.3081
01.02.12,V2TX,24.6111
02.02.12,V2TX,24.5624
03.02.12,V2TX,23.5349
06.02.12,V2TX,25.0326
07.02.12,V2TX,25.325
08.02.12,V2TX,25.7292
09.02.12,V2TX,25.9181
10.02.12,V2TX,27.3816
13.02.12,V2TX,26.6034
14.02.12,V2TX,26.0202
15.02.12,V2TX,26.5438
16.02.12,V2TX,26.8397
17.02.12,V2TX,24.8255
20.02.12,V2TX,24.5763
21.02.12,V2TX,23.8977
22.02.12,V2TX,24.0059
23.02.12,V2TX,23.8446
24.02.12,V2TX,22.5277
27.02.12,V2TX,24.2211
28.02.12,V2TX,23.7173
29.02.12,V2TX,23.9289
01.03.12,V2TX,22.8624
02.03.12,V2TX,22.5637
05.03.12,V2TX,23.7979
06.03.12,V2TX,28.5625
07.03.12,V2TX,28.2266
08.03.12,V2TX,25.0964
09.03.12,V2TX,22.895
12.03.12,V2TX,23.0102
13.03.12,V2TX,20.9307
14.03.12,V2TX,21.1237
15.03.12,V2TX,19.3479
16.03.12,V2TX,18.5202
19.03.12,V2TX,18.3551
20.03.12,V2TX,19.9117
21.03.12,V2TX,20.0254
22.03.12,V2TX,21.9103
23.03.12,V2TX,21.6583
26.03.12,V2TX,21.3398
27.03.12,V2TX,22.3987
28.03.12,V2TX,23.0813
29.03.12,V2TX,25.3609
30.03.12,V2TX,22.5463
02.04.12,V2TX,21.2165
03.04.12,V2TX,22.2736
04.04.12,V2TX,25.8591
05.04.12,V2TX,25.5879
10.04.12,V2TX,30.6779
11.04.12,V2TX,29.4908
12.04.12,V2TX,27.6118
13.04.12,V2TX,29.4063
16.04.12,V2TX,28.8612
17.04.12,V2TX,26.5949
18.04.12,V2TX,27.6847
19.04.12,V2TX,28.2848
20.04.12,V2TX,26.2312
23.04.12,V2TX,29.9723
24.04.12,V2TX,28.6556
25.04.12,V2TX,27.4003
26.04.12,V2TX,26.6216
27.04.12,V2TX,25.4795
30.04.12,V2TX,26.9511
02.05.12,V2TX,28.0126
03.05.12,V2TX,27.6802
04.05.12,V2TX,29.3836
07.05.12,V2TX,28.9223
08.05.12,V2TX,31.3226
09.05.12,V2TX,31.2083
10.05.12,V2TX,29.1479
11.05.12,V2TX,28.3851
14.05.12,V2TX,31.6946
15.05.12,V2TX,33.3144
16.05.12,V2TX,33.1165
17.05.12,V2TX,34.4776
18.05.12,V2TX,33.1087
21.05.12,V2TX,31.0253
22.05.12,V2TX,30.0057
23.05.12,V2TX,32.8618
24.05.12,V2TX,31.4557
25.05.12,V2TX,30.225
28.05.12,V2TX,31.7697
29.05.12,V2TX,31.4097
30.05.12,V2TX,34.5137
31.05.12,V2TX,34.9478
01.06.12,V2TX,36.3842
04.06.12,V2TX,36.4531
05.06.12,V2TX,34.5733
06.06.12,V2TX,31.5809
07.06.12,V2TX,31.4338
08.06.12,V2TX,30.3723
11.06.12,V2TX,31.9884
12.06.12,V2TX,32.3906
13.06.12,V2TX,33.8572
14.06.12,V2TX,33.0104
15.06.12,V2TX,33.7295
18.06.12,V2TX,29.4574
19.06.12,V2TX,27.6446
20.06.12,V2TX,26.9415
21.06.12,V2TX,25.4639
22.06.12,V2TX,25.1664
25.06.12,V2TX,27.6497
26.06.12,V2TX,28.0456
27.06.12,V2TX,27.5359
28.06.12,V2TX,28.0598
29.06.12,V2TX,24.9463
02.07.12,V2TX,24.992
03.07.12,V2TX,23.685
04.07.12,V2TX,24.4457
05.07.12,V2TX,24.4531
06.07.12,V2TX,25.5759
09.07.12,V2TX,25.5973
10.07.12,V2TX,24.6397
11.07.12,V2TX,24.1292
12.07.12,V2TX,24.0824
13.07.12,V2TX,22.6093
16.07.12,V2TX,22.1692
17.07.12,V2TX,21.7236
18.07.12,V2TX,20.3562
19.07.12,V2TX,20.8276
20.07.12,V2TX,24.2212
23.07.12,V2TX,28.0807
24.07.12,V2TX,28.4455
25.07.12,V2TX,27.1793
26.07.12,V2TX,25.635
27.07.12,V2TX,25.3165
30.07.12,V2TX,26.4643
31.07.12,V2TX,28.0088
01.08.12,V2TX,28.1002
02.08.12,V2TX,26.4001
03.08.12,V2TX,23.803
06.08.12,V2TX,24.2352
07.08.12,V2TX,23.869
08.08.12,V2TX,23.678
09.08.12,V2TX,23.3366
10.08.12,V2TX,22.7486
13.08.12,V2TX,23.4531
14.08.12,V2TX,23.2459
15.08.12,V2TX,23.5481
16.08.12,V2TX,23.1306
17.08.12,V2TX,21.4456
20.08.12,V2TX,22.1476
21.08.12,V2TX,22.1925
22.08.12,V2TX,25.1159
23.08.12,V2TX,24.3861
24.08.12,V2TX,24.6392
27.08.12,V2TX,24.3156
28.08.12,V2TX,24.868
29.08.12,V2TX,25.7209
30.08.12,V2TX,27.1621
31.08.12,V2TX,25.7034
03.09.12,V2TX,26.652
04.09.12,V2TX,27.755
05.09.12,V2TX,27.6615
06.09.12,V2TX,23.1125
07.09.12,V2TX,21.8266
10.09.12,V2TX,23.4869
11.09.12,V2TX,23.9199
12.09.12,V2TX,23.6536
13.09.12,V2TX,23.5096
14.09.12,V2TX,21.1062
17.09.12,V2TX,20.9384
18.09.12,V2TX,21.0614
19.09.12,V2TX,20.2909
20.09.12,V2TX,20.1276
21.09.12,V2TX,19.2445
24.09.12,V2TX,19.8013
25.09.12,V2TX,19.7747
26.09.12,V2TX,22.2323
27.09.12,V2TX,22.4909
28.09.12,V2TX,23.3836
01.10.12,V2TX,22.8698
02.10.12,V2TX,23.1473
03.10.12,V2TX,22.1253
04.10.12,V2TX,21.9957
05.10.12,V2TX,20.3484
08.10.12,V2TX,21.58
09.10.12,V2TX,22.9493
10.10.12,V2TX,22.67
11.10.12,V2TX,21.5761
12.10.12,V2TX,21.8817
15.10.12,V2TX,21.4496
16.10.12,V2TX,20.4001
17.10.12,V2TX,19.8775
18.10.12,V2TX,19.5805
19.10.12,V2TX,20.5996
22.10.12,V2TX,21.2613
23.10.12,V2TX,23.3924
24.10.12,V2TX,22.7611
25.10.12,V2TX,22.4852
26.10.12,V2TX,22.137
29.10.12,V2TX,23.2166
30.10.12,V2TX,21.8978
31.10.12,V2TX,22.2123
01.11.12,V2TX,21.2117
02.11.12,V2TX,20.5608
05.11.12,V2TX,22.216
06.11.12,V2TX,21.7924
07.11.12,V2TX,23.2841
08.11.12,V2TX,23.0951
09.11.12,V2TX,22.57
12.11.12,V2TX,22.7101
13.11.12,V2TX,21.8471
14.11.12,V2TX,21.5292
15.11.12,V2TX,21.9773
16.11.12,V2TX,22.1719
19.11.12,V2TX,19.6356
20.11.12,V2TX,18.7696
21.11.12,V2TX,17.8461
22.11.12,V2TX,17.4423
23.11.12,V2TX,17.7473
26.11.12,V2TX,18.4984
27.11.12,V2TX,17.699
28.11.12,V2TX,17.2555
29.11.12,V2TX,16.4854
30.11.12,V2TX,16.5548
03.12.12,V2TX,17.3112
04.12.12,V2TX,17.2837
05.12.12,V2TX,17.3906
06.12.12,V2TX,16.9937
07.12.12,V2TX,17.2026
10.12.12,V2TX,17.4025
11.12.12,V2TX,17.0262
12.12.12,V2TX,17.0471
13.12.12,V2TX,16.9542
14.12.12,V2TX,16.4818
17.12.12,V2TX,16.4617
18.12.12,V2TX,15.8638
19.12.12,V2TX,15.6463
20.12.12,V2TX,15.7568
21.12.12,V2TX,17.8926
27.12.12,V2TX,18.2289
28.12.12,V2TX,21.3534
02.01.13,V2TX,18.3628
03.01.13,V2TX,17.54
04.01.13,V2TX,16.0708
07.01.13,V2TX,16.818
08.01.13,V2TX,16.8999
09.01.13,V2TX,16.1474
10.01.13,V2TX,16.1155
11.01.13,V2TX,15.5715
14.01.13,V2TX,15.7019
15.01.13,V2TX,15.9725
16.01.13,V2TX,16.146
17.01.13,V2TX,15.9134
18.01.13,V2TX,15.8831
21.01.13,V2TX,15.4605
22.01.13,V2TX,16.063
23.01.13,V2TX,16.2203
24.01.13,V2TX,15.3145
25.01.13,V2TX,14.9093
28.01.13,V2TX,15.1979
29.01.13,V2TX,14.8562
30.01.13,V2TX,15.9384
31.01.13,V2TX,16.6395
01.02.13,V2TX,15.9874
04.02.13,V2TX,20.1454
05.02.13,V2TX,19.2593
06.02.13,V2TX,20.2113
07.02.13,V2TX,20.7955
08.02.13,V2TX,18.5593
11.02.13,V2TX,18.9342
12.02.13,V2TX,18.3682
13.02.13,V2TX,18.2817
14.02.13,V2TX,18.6532
15.02.13,V2TX,18.8463
18.02.13,V2TX,19.3248
19.02.13,V2TX,18.4631
20.02.13,V2TX,19.6147
21.02.13,V2TX,21.5133
22.02.13,V2TX,20.8556
25.02.13,V2TX,21.3086
26.02.13,V2TX,25.8975
27.02.13,V2TX,22.0043
28.02.13,V2TX,21.0046
01.03.13,V2TX,21.7728
04.03.13,V2TX,21.4361
05.03.13,V2TX,19.5539
06.03.13,V2TX,20.1143
07.03.13,V2TX,18.7353
08.03.13,V2TX,17.3844
11.03.13,V2TX,17.6154
12.03.13,V2TX,17.3243
13.03.13,V2TX,16.9279
14.03.13,V2TX,15.0835
15.03.13,V2TX,15.7276
18.03.13,V2TX,18.0979
19.03.13,V2TX,21.5306
20.03.13,V2TX,18.8741
21.03.13,V2TX,19.7897
22.03.13,V2TX,21.2876
25.03.13,V2TX,21.2387
26.03.13,V2TX,20.8755
27.03.13,V2TX,21.8599
28.03.13,V2TX,20.8944
02.04.13,V2TX,19.6165
03.04.13,V2TX,20.7645
04.04.13,V2TX,21.0977
05.04.13,V2TX,22.2855
08.04.13,V2TX,21.4857
09.04.13,V2TX,20.4229
10.04.13,V2TX,19.1768
11.04.13,V2TX,18.848
12.04.13,V2TX,20.2145
15.04.13,V2TX,20.1989
16.04.13,V2TX,20.5067
17.04.13,V2TX,22.7545
18.04.13,V2TX,21.949
19.04.13,V2TX,20.4999
22.04.13,V2TX,20.638
23.04.13,V2TX,19.2103
24.04.13,V2TX,18.9814
25.04.13,V2TX,19.4097
26.04.13,V2TX,19.7111
29.04.13,V2TX,19.9773
30.04.13,V2TX,20.261
02.05.13,V2TX,18.7486
03.05.13,V2TX,17.6329
06.05.13,V2TX,18.0551
07.05.13,V2TX,17.4472
08.05.13,V2TX,17.3575
09.05.13,V2TX,17.2186
10.05.13,V2TX,17.4277
13.05.13,V2TX,17.6724
14.05.13,V2TX,17.1365
15.05.13,V2TX,16.639
16.05.13,V2TX,16.2609
17.05.13,V2TX,16.313
20.05.13,V2TX,16.672
21.05.13,V2TX,16.9073
22.05.13,V2TX,16.2933
23.05.13,V2TX,18.3633
24.05.13,V2TX,18.4925
27.05.13,V2TX,18.152
28.05.13,V2TX,17.7473
29.05.13,V2TX,19.6808
30.05.13,V2TX,18.8641
31.05.13,V2TX,19.6048
03.06.13,V2TX,21.3772
04.06.13,V2TX,21.0043
05.06.13,V2TX,22.2683
06.06.13,V2TX,22.1956
07.06.13,V2TX,19.9529
10.06.13,V2TX,19.5903
11.06.13,V2TX,21.0051
12.06.13,V2TX,21.7413
13.06.13,V2TX,22.1068
14.06.13,V2TX,21.2645
17.06.13,V2TX,21.1025
18.06.13,V2TX,20.8403
19.06.13,V2TX,20.4065
20.06.13,V2TX,23.6094
21.06.13,V2TX,24.0473
24.06.13,V2TX,25.3001
25.06.13,V2TX,24.1377
26.06.13,V2TX,22.5505
27.06.13,V2TX,21.6929
28.06.13,V2TX,21.8175
01.07.13,V2TX,21.8282
02.07.13,V2TX,21.5897
03.07.13,V2TX,22.6511
04.07.13,V2TX,21.3419
05.07.13,V2TX,22.5944
08.07.13,V2TX,21.5829
09.07.13,V2TX,20.6393
10.07.13,V2TX,20.3708
11.07.13,V2TX,18.9757
12.07.13,V2TX,19.072
15.07.13,V2TX,18.9011
16.07.13,V2TX,19.2437
17.07.13,V2TX,18.4869
18.07.13,V2TX,17.6938
19.07.13,V2TX,17.2343
22.07.13,V2TX,17.4706
23.07.13,V2TX,17.3366
24.07.13,V2TX,17.085
25.07.13,V2TX,17.4835
26.07.13,V2TX,18.1141
29.07.13,V2TX,18.7032
30.07.13,V2TX,18.8439
31.07.13,V2TX,19.0644
01.08.13,V2TX,23.3121
02.08.13,V2TX,16.8183
05.08.13,V2TX,17.3314
06.08.13,V2TX,17.9242
07.08.13,V2TX,18.2711
08.08.13,V2TX,17.3468
09.08.13,V2TX,17.1706
12.08.13,V2TX,17.3567
13.08.13,V2TX,17.0781
14.08.13,V2TX,16.6396
15.08.13,V2TX,17.2894
16.08.13,V2TX,16.4082
19.08.13,V2TX,17.4926
20.08.13,V2TX,19.1958
21.08.13,V2TX,20.5374
22.08.13,V2TX,18.7137
23.08.13,V2TX,17.8238
26.08.13,V2TX,17.9047
27.08.13,V2TX,22.1683
28.08.13,V2TX,22.3124
29.08.13,V2TX,21.1498
30.08.13,V2TX,23.4785
02.09.13,V2TX,21.9028
03.09.13,V2TX,23.0533
04.09.13,V2TX,22.0945
05.09.13,V2TX,21.5095
06.09.13,V2TX,20.2292
09.09.13,V2TX,20.4702
10.09.13,V2TX,19.3143
11.09.13,V2TX,18.4298
12.09.13,V2TX,18.4084
13.09.13,V2TX,18.3842
16.09.13,V2TX,18.7198
17.09.13,V2TX,18.987
18.09.13,V2TX,18.1656
19.09.13,V2TX,16.8696
20.09.13,V2TX,16.7626
23.09.13,V2TX,17.4539
24.09.13,V2TX,16.6237
25.09.13,V2TX,16.4038
26.09.13,V2TX,16.4689
27.09.13,V2TX,16.9196
30.09.13,V2TX,19.4503
01.10.13,V2TX,18.3242
02.10.13,V2TX,19.2611
03.10.13,V2TX,20.0589
04.10.13,V2TX,19.5446
07.10.13,V2TX,20.1564
08.10.13,V2TX,20.8905
09.10.13,V2TX,23.3614
10.10.13,V2TX,19.8426
11.10.13,V2TX,18.2601
14.10.13,V2TX,20.1581
15.10.13,V2TX,18.6214
16.10.13,V2TX,18.5951
17.10.13,V2TX,16.8333
18.10.13,V2TX,15.4232
21.10.13,V2TX,15.998
22.10.13,V2TX,15.6057
23.10.13,V2TX,16.6163
24.10.13,V2TX,15.5581
25.10.13,V2TX,15.0179
28.10.13,V2TX,15.8884
29.10.13,V2TX,15.1884
30.10.13,V2TX,16.1548
31.10.13,V2TX,15.888
01.11.13,V2TX,16.205
04.11.13,V2TX,16.2488
05.11.13,V2TX,16.7541
06.11.13,V2TX,16.828
07.11.13,V2TX,16.69
08.11.13,V2TX,17.2896
11.11.13,V2TX,17.2356
12.11.13,V2TX,17.2688
13.11.13,V2TX,17.1273
14.11.13,V2TX,15.9077
15.11.13,V2TX,15.1624
18.11.13,V2TX,15.3971
19.11.13,V2TX,15.6565
20.11.13,V2TX,15.5212
21.11.13,V2TX,15.082
22.11.13,V2TX,14.2629
25.11.13,V2TX,14.5254
26.11.13,V2TX,14.5147
27.11.13,V2TX,14.117
28.11.13,V2TX,13.8195
29.11.13,V2TX,14.6502
02.12.13,V2TX,15.4364
03.12.13,V2TX,17.098
04.12.13,V2TX,17.8791
05.12.13,V2TX,18.378
06.12.13,V2TX,16.4994
09.12.13,V2TX,16.2138
10.12.13,V2TX,16.7351
11.12.13,V2TX,17.3558
12.12.13,V2TX,18.0599
13.12.13,V2TX,18.2036
16.12.13,V2TX,18.4886
17.12.13,V2TX,18.179
18.12.13,V2TX,17.2028
19.12.13,V2TX,15.4029
20.12.13,V2TX,16.0088
23.12.13,V2TX,15.8067
27.12.13,V2TX,16.4643
30.12.13,V2TX,17.2549
02.01.14,V2TX,18.9286
03.01.14,V2TX,18.0018
06.01.14,V2TX,18.1672
07.01.14,V2TX,17.1932
08.01.14,V2TX,17.3671
09.01.14,V2TX,17.3584
10.01.14,V2TX,16.5627
13.01.14,V2TX,17.0978
14.01.14,V2TX,16.8066
15.01.14,V2TX,16.5089
16.01.14,V2TX,17.0561
17.01.14,V2TX,15.7352
20.01.14,V2TX,16.0913
21.01.14,V2TX,16.1749
22.01.14,V2TX,16.4469
23.01.14,V2TX,17.5122
24.01.14,V2TX,20.9333
27.01.14,V2TX,20.6842
28.01.14,V2TX,19.9723
29.01.14,V2TX,21.8127
30.01.14,V2TX,21.1181
31.01.14,V2TX,21.8188
03.02.14,V2TX,24.0207
04.02.14,V2TX,23.0114
05.02.14,V2TX,22.6486
06.02.14,V2TX,20.801
07.02.14,V2TX,19.2347
10.02.14,V2TX,19.3075
11.02.14,V2TX,17.6719
12.02.14,V2TX,17.9259
13.02.14,V2TX,17.4978
14.02.14,V2TX,16.3821
17.02.14,V2TX,17.2038
18.02.14,V2TX,17.0973
19.02.14,V2TX,17.448
20.02.14,V2TX,17.7721
21.02.14,V2TX,17.3772
24.02.14,V2TX,16.7175
25.02.14,V2TX,16.2399
26.02.14,V2TX,16.1415
27.02.14,V2TX,17.1187
28.02.14,V2TX,16.7667
03.03.14,V2TX,21.8609
04.03.14,V2TX,18.6455
05.03.14,V2TX,18.7004
06.03.14,V2TX,17.8166
07.03.14,V2TX,20.473
10.03.14,V2TX,20.1237
11.03.14,V2TX,19.7688
12.03.14,V2TX,20.212
13.03.14,V2TX,22.0896
14.03.14,V2TX,23.2095
17.03.14,V2TX,21.4617
18.03.14,V2TX,20.1089
19.03.14,V2TX,19.293
20.03.14,V2TX,18.1292
21.03.14,V2TX,17.1916
24.03.14,V2TX,19.4248
25.03.14,V2TX,18.2637
26.03.14,V2TX,17.5869
27.03.14,V2TX,17.6397
28.03.14,V2TX,17.0324
31.03.14,V2TX,17.6639
01.04.14,V2TX,16.9064
02.04.14,V2TX,17.1108
03.04.14,V2TX,16.3742
04.04.14,V2TX,15.875
07.04.14,V2TX,17.5437
08.04.14,V2TX,17.6031
09.04.14,V2TX,16.9287
10.04.14,V2TX,17.2542
11.04.14,V2TX,18.2955
14.04.14,V2TX,18.4986
15.04.14,V2TX,19.6432
16.04.14,V2TX,17.3181
17.04.14,V2TX,16.9939
22.04.14,V2TX,16.8121
23.04.14,V2TX,17.1008
24.04.14,V2TX,16.9981
25.04.14,V2TX,18.7678
28.04.14,V2TX,18.4517
29.04.14,V2TX,17.343
30.04.14,V2TX,17.0713
02.05.14,V2TX,17.9023
05.05.14,V2TX,18.0644
06.05.14,V2TX,18.5097
07.05.14,V2TX,17.5579
08.05.14,V2TX,16.7342
09.05.14,V2TX,16.6668
12.05.14,V2TX,16.2491
13.05.14,V2TX,15.9994
14.05.14,V2TX,15.8782
15.05.14,V2TX,17.4465
16.05.14,V2TX,15.7941
19.05.14,V2TX,15.9315
20.05.14,V2TX,15.7231
21.05.14,V2TX,15.2901
22.05.14,V2TX,15.2602
23.05.14,V2TX,15.5997
26.05.14,V2TX,15.249
27.05.14,V2TX,15.1522
28.05.14,V2TX,15.0184
29.05.14,V2TX,15.5171
30.05.14,V2TX,15.7845
02.06.14,V2TX,16.2586
03.06.14,V2TX,16.5208
04.06.14,V2TX,16.5083
05.06.14,V2TX,14.6235
06.06.14,V2TX,13.4607
09.06.14,V2TX,13.1403
10.06.14,V2TX,13.0399
11.06.14,V2TX,13.7325
12.06.14,V2TX,13.8464
13.06.14,V2TX,14.1513
16.06.14,V2TX,15.3716
17.06.14,V2TX,14.3399
18.06.14,V2TX,13.8823
19.06.14,V2TX,12.713
20.06.14,V2TX,12.7797
23.06.14,V2TX,13.5834
24.06.14,V2TX,13.1291
25.06.14,V2TX,14.3007
26.06.14,V2TX,14.7994
27.06.14,V2TX,15.2961
30.06.14,V2TX,15.269
01.07.14,V2TX,14.3916
02.07.14,V2TX,13.9595
03.07.14,V2TX,12.8852
04.07.14,V2TX,13.0962
07.07.14,V2TX,14.3276
08.07.14,V2TX,15.8867
09.07.14,V2TX,15.092
10.07.14,V2TX,16.6584
11.07.14,V2TX,16.3382
14.07.14,V2TX,14.9871
15.07.14,V2TX,15.8707
16.07.14,V2TX,14.8111
17.07.14,V2TX,17.6468
18.07.14,V2TX,16.5305
21.07.14,V2TX,17.7222
22.07.14,V2TX,15.6723
23.07.14,V2TX,15.5898
24.07.14,V2TX,14.8523
25.07.14,V2TX,16.7309
28.07.14,V2TX,17.0697
29.07.14,V2TX,16.7601
30.07.14,V2TX,17.4831
31.07.14,V2TX,19.1221
01.08.14,V2TX,19.8142
04.08.14,V2TX,19.094
05.08.14,V2TX,18.4436
06.08.14,V2TX,19.1494
07.08.14,V2TX,20.7973
08.08.14,V2TX,21.2386
11.08.14,V2TX,19.4288
12.08.14,V2TX,19.562
13.08.14,V2TX,18.2314
14.08.14,V2TX,17.2978
15.08.14,V2TX,20.3569
18.08.14,V2TX,17.0294
19.08.14,V2TX,16.3083
20.08.14,V2TX,16.7278
21.08.14,V2TX,16.0345
22.08.14,V2TX,17.2349
25.08.14,V2TX,16.4519
26.08.14,V2TX,15.8972
27.08.14,V2TX,16.1061
28.08.14,V2TX,17.2795
29.08.14,V2TX,17.1888
01.09.14,V2TX,17.7323
02.09.14,V2TX,17.835
03.09.14,V2TX,16.8103
04.09.14,V2TX,16.161
05.09.14,V2TX,15.4702
08.09.14,V2TX,15.8479
09.09.14,V2TX,15.878
10.09.14,V2TX,16.4187
11.09.14,V2TX,16.6097
12.09.14,V2TX,15.9108
15.09.14,V2TX,16.7209
16.09.14,V2TX,17.096
17.09.14,V2TX,16.432
18.09.14,V2TX,16.6266
19.09.14,V2TX,15.0596
22.09.14,V2TX,15.8303
23.09.14,V2TX,17.7684
24.09.14,V2TX,15.9504
25.09.14,V2TX,17.5658
26.09.14,V2TX,17.6012
29.09.14,V2TX,18.7975
30.09.14,V2TX,17.8514
01.10.14,V2TX,19.014
02.10.14,V2TX,21.0788
03.10.14,V2TX,19.695
06.10.14,V2TX,19.7614
07.10.14,V2TX,21.0076
08.10.14,V2TX,20.9036
09.10.14,V2TX,20.5162
10.10.14,V2TX,23.1168
13.10.14,V2TX,23.4966
14.10.14,V2TX,23.3811
15.10.14,V2TX,28.7576
16.10.14,V2TX,31.5233
17.10.14,V2TX,25.3527
20.10.14,V2TX,25.1853
21.10.14,V2TX,22.2422
22.10.14,V2TX,21.6951
23.10.14,V2TX,20.8792
24.10.14,V2TX,21.3229
27.10.14,V2TX,23.0205
28.10.14,V2TX,20.4123
29.10.14,V2TX,20.7403
30.10.14,V2TX,20.8846
31.10.14,V2TX,20.3172
03.11.14,V2TX,21.364
04.11.14,V2TX,22.8946
05.11.14,V2TX,21.9455
06.11.14,V2TX,20.7181
07.11.14,V2TX,21.1162
10.11.14,V2TX,19.1799
11.11.14,V2TX,18.2589
12.11.14,V2TX,20.6145
13.11.14,V2TX,20.0406
14.11.14,V2TX,19.5586
17.11.14,V2TX,19.416
18.11.14,V2TX,18.9696
19.11.14,V2TX,19.5753
20.11.14,V2TX,19.9065
21.11.14,V2TX,18.9133
24.11.14,V2TX,19.3169
25.11.14,V2TX,19.1485
26.11.14,V2TX,18.2837
27.11.14,V2TX,18.156
28.11.14,V2TX,18.0253
01.12.14,V2TX,19.3406
02.12.14,V2TX,19.1189
03.12.14,V2TX,18.7911
04.12.14,V2TX,18.1098
05.12.14,V2TX,16.3307
08.12.14,V2TX,16.6347
09.12.14,V2TX,21.4418
10.12.14,V2TX,21.7342
11.12.14,V2TX,20.8103
12.12.14,V2TX,26.4981
15.12.14,V2TX,29.5265
16.12.14,V2TX,25.6614
17.12.14,V2TX,27.228
18.12.14,V2TX,22.5806
19.12.14,V2TX,23.6176
22.12.14,V2TX,22.9656
23.12.14,V2TX,22.0804
29.12.14,V2TX,24.9354
30.12.14,V2TX,26.1876
02.01.15,V2TX,26.2531
05.01.15,V2TX,29.6236
06.01.15,V2TX,28.8317
07.01.15,V2TX,28.1715
08.01.15,V2TX,25.9087
09.01.15,V2TX,28.7787
12.01.15,V2TX,29.7249
13.01.15,V2TX,28.5404
14.01.15,V2TX,29.4845
15.01.15,V2TX,29.026
16.01.15,V2TX,29.3287
19.01.15,V2TX,28.32
20.01.15,V2TX,27.0724
21.01.15,V2TX,26.0176
22.01.15,V2TX,22.9441
23.01.15,V2TX,23.1125
26.01.15,V2TX,21.3426
27.01.15,V2TX,22.4298
28.01.15,V2TX,21.8259
29.01.15,V2TX,23.3237
30.01.15,V2TX,24.731
02.02.15,V2TX,24.3214
03.02.15,V2TX,22.7637
04.02.15,V2TX,22.2736
05.02.15,V2TX,22.2611
06.02.15,V2TX,21.8332
09.02.15,V2TX,25.3712
10.02.15,V2TX,25.1067
11.02.15,V2TX,25.721
12.02.15,V2TX,24.3635
13.02.15,V2TX,24.1849
16.02.15,V2TX,25.2507
17.02.15,V2TX,24.9047
18.02.15,V2TX,23.3392
19.02.15,V2TX,23.2086
20.02.15,V2TX,24.2039
23.02.15,V2TX,20.625
24.02.15,V2TX,18.398
25.02.15,V2TX,17.8235
26.02.15,V2TX,17.3519
27.02.15,V2TX,17.7528
02.03.15,V2TX,17.7992
03.03.15,V2TX,19.5843
04.03.15,V2TX,18.9188
05.03.15,V2TX,18.1841
06.03.15,V2TX,18.4149
09.03.15,V2TX,18.8112
10.03.15,V2TX,20.4652
11.03.15,V2TX,19.4698
12.03.15,V2TX,18.967
13.03.15,V2TX,18.8262
16.03.15,V2TX,19.3889
17.03.15,V2TX,20.2476
18.03.15,V2TX,19.6938
19.03.15,V2TX,18.9138
20.03.15,V2TX,17.4772
23.03.15,V2TX,19.8323
24.03.15,V2TX,17.6675
25.03.15,V2TX,19.158
26.03.15,V2TX,19.6535
27.03.15,V2TX,20.4715
30.03.15,V2TX,19.7608
31.03.15,V2TX,21.1004
01.04.15,V2TX,20.9691
02.04.15,V2TX,20.7203
07.04.15,V2TX,20.0561
08.04.15,V2TX,19.4281
09.04.15,V2TX,18.3136
10.04.15,V2TX,17.5116
13.04.15,V2TX,17.8638
14.04.15,V2TX,18.8576
15.04.15,V2TX,18.2074
16.04.15,V2TX,20.1086
17.04.15,V2TX,25.0553
20.04.15,V2TX,22.3
21.04.15,V2TX,22.3991
22.04.15,V2TX,22.3273
23.04.15,V2TX,22.5723
24.04.15,V2TX,21.92
27.04.15,V2TX,20.8863
28.04.15,V2TX,22.1195
29.04.15,V2TX,24.0466
30.04.15,V2TX,24.2128
04.05.15,V2TX,23.4264
05.05.15,V2TX,25.2236
06.05.15,V2TX,24.7232
07.05.15,V2TX,23.7527
08.05.15,V2TX,21.1296
11.05.15,V2TX,21.8358
12.05.15,V2TX,23.2326
13.05.15,V2TX,23.0546
14.05.15,V2TX,21.7425
15.05.15,V2TX,21.5088
18.05.15,V2TX,21.0066
19.05.15,V2TX,20.0541
20.05.15,V2TX,19.5695
21.05.15,V2TX,19.5296
22.05.15,V2TX,19.6309
26.05.15,V2TX,22.5012
27.05.15,V2TX,20.8183
28.05.15,V2TX,22.0181
29.05.15,V2TX,23.5386
01.06.15,V2TX,24.5648
02.06.15,V2TX,24.5107
03.06.15,V2TX,24.0513
04.06.15,V2TX,24.4495
05.06.15,V2TX,25.2745
08.06.15,V2TX,25.604
09.06.15,V2TX,24.9865
10.06.15,V2TX,23.8291
11.06.15,V2TX,23.6341
12.06.15,V2TX,25.2594
15.06.15,V2TX,27.8467
16.06.15,V2TX,28.7447
17.06.15,V2TX,28.2724
18.06.15,V2TX,28.4283
19.06.15,V2TX,28.6184
22.06.15,V2TX,23.5436
23.06.15,V2TX,23.5179
24.06.15,V2TX,24.9348
25.06.15,V2TX,25.6433
26.06.15,V2TX,26.7172
29.06.15,V2TX,30.6468
30.06.15,V2TX,32.3071
01.07.15,V2TX,30.285
02.07.15,V2TX,31.6721
03.07.15,V2TX,32.285
06.07.15,V2TX,29.9819
07.07.15,V2TX,30.9878
08.07.15,V2TX,31.6348
09.07.15,V2TX,30.7656
10.07.15,V2TX,27.8763
13.07.15,V2TX,23.2482
14.07.15,V2TX,21.5485
15.07.15,V2TX,21.0969
16.07.15,V2TX,19.018
17.07.15,V2TX,18.9656
20.07.15,V2TX,18.1165
21.07.15,V2TX,17.9144
22.07.15,V2TX,18.16
23.07.15,V2TX,17.4317
24.07.15,V2TX,19.0408
27.07.15,V2TX,21.9151
28.07.15,V2TX,20.8092
29.07.15,V2TX,20.0336
30.07.15,V2TX,20.2348
31.07.15,V2TX,19.2878
03.08.15,V2TX,18.5935
04.08.15,V2TX,18.2536
05.08.15,V2TX,17.5482
06.08.15,V2TX,18.2603
07.08.15,V2TX,18.7066
10.08.15,V2TX,18.3067
11.08.15,V2TX,20.4012
12.08.15,V2TX,24.4678
13.08.15,V2TX,23.2434
14.08.15,V2TX,22.8364
17.08.15,V2TX,22.3811
18.08.15,V2TX,22.5001
19.08.15,V2TX,23.7117
20.08.15,V2TX,25.4949
21.08.15,V2TX,30.2101
24.08.15,V2TX,40.803
25.08.15,V2TX,33.6485
26.08.15,V2TX,35.2896
27.08.15,V2TX,30.5602
28.08.15,V2TX,31.0337
31.08.15,V2TX,31.0718
01.09.15,V2TX,34.264
02.09.15,V2TX,33.7021
03.09.15,V2TX,29.8773
04.09.15,V2TX,34.8152
07.09.15,V2TX,35.1536
08.09.15,V2TX,32.2298
09.09.15,V2TX,30.4496
10.09.15,V2TX,32.0034
11.09.15,V2TX,31.6478
14.09.15,V2TX,31.355
15.09.15,V2TX,29.9496
16.09.15,V2TX,27.9163
17.09.15,V2TX,27.0649
18.09.15,V2TX,28.4011
21.09.15,V2TX,27.0169
22.09.15,V2TX,32.1618
23.09.15,V2TX,31.0561
24.09.15,V2TX,33.4567
25.09.15,V2TX,30.5182
28.09.15,V2TX,33.0825
29.09.15,V2TX,33.7366
30.09.15,V2TX,32.0459
01.10.15,V2TX,31.7174
02.10.15,V2TX,30.9395
05.10.15,V2TX,28.6187
06.10.15,V2TX,26.257
07.10.15,V2TX,26.3912
08.10.15,V2TX,24.5243
09.10.15,V2TX,23.4173
12.10.15,V2TX,23.1872
13.10.15,V2TX,24.0398
14.10.15,V2TX,25.158
15.10.15,V2TX,24.1188
16.10.15,V2TX,22.7408
19.10.15,V2TX,22.4522
20.10.15,V2TX,21.7156
21.10.15,V2TX,21.8297
22.10.15,V2TX,19.9722
23.10.15,V2TX,19.8009
26.10.15,V2TX,20.6403
27.10.15,V2TX,20.6863
28.10.15,V2TX,20.7149
29.10.15,V2TX,21.0418
30.10.15,V2TX,20.3569
02.11.15,V2TX,20.7672
03.11.15,V2TX,20.0632
04.11.15,V2TX,20.7464
05.11.15,V2TX,20.9361
06.11.15,V2TX,20.4363
09.11.15,V2TX,21.984
10.11.15,V2TX,22.3923
11.11.15,V2TX,21.839
12.11.15,V2TX,23.4483
13.11.15,V2TX,24.9526
16.11.15,V2TX,25.8488
17.11.15,V2TX,23.6199
18.11.15,V2TX,24.748
19.11.15,V2TX,23.4423
20.11.15,V2TX,22.6528
23.11.15,V2TX,22.9841
24.11.15,V2TX,24.8133
25.11.15,V2TX,23.9372
26.11.15,V2TX,22.8903
27.11.15,V2TX,23.0669
30.11.15,V2TX,23.6503
01.12.15,V2TX,23.6051
02.12.15,V2TX,22.8176
03.12.15,V2TX,22.6526
04.12.15,V2TX,22.6816
07.12.15,V2TX,22.0447
08.12.15,V2TX,23.5733
09.12.15,V2TX,24.2947
10.12.15,V2TX,24.5343
11.12.15,V2TX,26.5766
14.12.15,V2TX,30.411
15.12.15,V2TX,27.4591
16.12.15,V2TX,25.4362
17.12.15,V2TX,22.5761
18.12.15,V2TX,23.8989
21.12.15,V2TX,23.8836
22.12.15,V2TX,22.5361
23.12.15,V2TX,20.2504
28.12.15,V2TX,22.4544
29.12.15,V2TX,21.6067
30.12.15,V2TX,22.7102
04.01.16,V2TX,26.998
05.01.16,V2TX,26.2087
06.01.16,V2TX,26.309
07.01.16,V2TX,29.7899
08.01.16,V2TX,30.4005
11.01.16,V2TX,30.2182
12.01.16,V2TX,28.5388
13.01.16,V2TX,28.1348
14.01.16,V2TX,29.939
15.01.16,V2TX,34.5856
18.01.16,V2TX,34.325
19.01.16,V2TX,30.7571
20.01.16,V2TX,35.1133
21.01.16,V2TX,31.7894
22.01.16,V2TX,28.3356
25.01.16,V2TX,28.4443
26.01.16,V2TX,28.1187
27.01.16,V2TX,27.7832
28.01.16,V2TX,29.8315
29.01.16,V2TX,27.389
01.02.16,V2TX,27.3303
02.02.16,V2TX,29.1542
03.02.16,V2TX,30.7369
04.02.16,V2TX,29.6423
05.02.16,V2TX,30.0529
08.02.16,V2TX,33.3917
09.02.16,V2TX,33.9664
10.02.16,V2TX,33.4528
11.02.16,V2TX,38.3051
12.02.16,V2TX,35.6846
15.02.16,V2TX,33.9154
16.02.16,V2TX,33.5213
17.02.16,V2TX,30.4983
18.02.16,V2TX,30.9172
19.02.16,V2TX,31.2656
22.02.16,V2TX,29.9498
23.02.16,V2TX,30.5366
24.02.16,V2TX,33.1178
25.02.16,V2TX,31.0305
26.02.16,V2TX,29.2756
29.02.16,V2TX,29.7298
01.03.16,V2TX,28.5424
02.03.16,V2TX,27.1243
03.03.16,V2TX,26.5186
04.03.16,V2TX,24.5116
07.03.16,V2TX,26.2052
08.03.16,V2TX,27.8475
09.03.16,V2TX,28.0607
10.03.16,V2TX,28.1781
11.03.16,V2TX,24.1107
14.03.16,V2TX,22.9607
15.03.16,V2TX,23.2425
16.03.16,V2TX,23.0994
17.03.16,V2TX,22.7536
18.03.16,V2TX,20.6567
21.03.16,V2TX,21.8265
22.03.16,V2TX,22.0365
23.03.16,V2TX,22.0971
24.03.16,V2TX,24.6287
29.03.16,V2TX,24.9043
30.03.16,V2TX,22.6443
31.03.16,V2TX,23.4487
01.04.16,V2TX,25.1088
04.04.16,V2TX,24.509
05.04.16,V2TX,26.623
06.04.16,V2TX,25.1686
07.04.16,V2TX,26.1571
08.04.16,V2TX,24.8054
11.04.16,V2TX,24.8863
12.04.16,V2TX,24.0775
13.04.16,V2TX,22.3118
14.04.16,V2TX,20.6302
15.04.16,V2TX,20.5487
18.04.16,V2TX,21.2846
19.04.16,V2TX,20.3617
20.04.16,V2TX,19.8831
21.04.16,V2TX,20.3114
22.04.16,V2TX,20.6022
25.04.16,V2TX,21.8388
26.04.16,V2TX,21.2816
27.04.16,V2TX,21.2843
28.04.16,V2TX,20.8538
29.04.16,V2TX,24.033
02.05.16,V2TX,25.1167
03.05.16,V2TX,26.4095
04.05.16,V2TX,27.0373
05.05.16,V2TX,25.9343
06.05.16,V2TX,25.1235
09.05.16,V2TX,24.956
10.05.16,V2TX,23.891
11.05.16,V2TX,23.8595
12.05.16,V2TX,24.4471
13.05.16,V2TX,23.5957
16.05.16,V2TX,24.2125
17.05.16,V2TX,24.474
18.05.16,V2TX,23.2967
19.05.16,V2TX,24.3817
20.05.16,V2TX,22.6043
23.05.16,V2TX,23.2929
24.05.16,V2TX,21.7857
25.05.16,V2TX,21.0604
26.05.16,V2TX,20.819
27.05.16,V2TX,20.4629
30.05.16,V2TX,20.9441
31.05.16,V2TX,22.1149
01.06.16,V2TX,23.9317
02.06.16,V2TX,23.1068
03.06.16,V2TX,23.5541
06.06.16,V2TX,24.0527
07.06.16,V2TX,23.3496
08.06.16,V2TX,24.3166
09.06.16,V2TX,25.8413
10.06.16,V2TX,30.2251
13.06.16,V2TX,34.3644
14.06.16,V2TX,38.3353
15.06.16,V2TX,37.6871
16.06.16,V2TX,39.8975
17.06.16,V2TX,38.0273
20.06.16,V2TX,34.2207
21.06.16,V2TX,34.4684
22.06.16,V2TX,36.0375
23.06.16,V2TX,32.0555
24.06.16,V2TX,35.4279
27.06.16,V2TX,34.9988
28.06.16,V2TX,31.0147
29.06.16,V2TX,28.553
30.06.16,V2TX,26.0765
01.07.16,V2TX,25.0196
04.07.16,V2TX,24.9798
05.07.16,V2TX,26.7055
06.07.16,V2TX,28.2579
07.07.16,V2TX,26.545
08.07.16,V2TX,24.6151
11.07.16,V2TX,23.5704
12.07.16,V2TX,22.3198
13.07.16,V2TX,23.0918
14.07.16,V2TX,21.8141
15.07.16,V2TX,20.92
18.07.16,V2TX,20.8355
19.07.16,V2TX,21.0119
20.07.16,V2TX,20.345
21.07.16,V2TX,19.4501
22.07.16,V2TX,19.1159
25.07.16,V2TX,19.918
26.07.16,V2TX,20.1355
27.07.16,V2TX,20.5334
28.07.16,V2TX,20.9929
29.07.16,V2TX,20.2451
01.08.16,V2TX,20.3298
02.08.16,V2TX,23.1234
03.08.16,V2TX,22.9514
04.08.16,V2TX,21.4128
05.08.16,V2TX,19.3019
08.08.16,V2TX,18.9378
09.08.16,V2TX,18.2898
10.08.16,V2TX,19.1902
11.08.16,V2TX,18.3588
12.08.16,V2TX,17.8981
15.08.16,V2TX,18.8343
16.08.16,V2TX,20.0679
17.08.16,V2TX,21.1903
18.08.16,V2TX,20.3198
19.08.16,V2TX,21.1313
22.08.16,V2TX,21.6649
23.08.16,V2TX,20.2231
24.08.16,V2TX,19.8311
25.08.16,V2TX,20.4096
26.08.16,V2TX,19.4893
29.08.16,V2TX,20.1851
30.08.16,V2TX,19.3723
31.08.16,V2TX,19.4166
01.09.16,V2TX,20.0636
02.09.16,V2TX,18.2963
05.09.16,V2TX,18.411
06.09.16,V2TX,19.0847
07.09.16,V2TX,18.5743
08.09.16,V2TX,17.8149
09.09.16,V2TX,19.2991
12.09.16,V2TX,21.8999
13.09.16,V2TX,22.7814
14.09.16,V2TX,22.2142
15.09.16,V2TX,20.5507
16.09.16,V2TX,21.3052
19.09.16,V2TX,20.3183
20.09.16,V2TX,20.6992
21.09.16,V2TX,20.0923
22.09.16,V2TX,17.2703
23.09.16,V2TX,16.8292
26.09.16,V2TX,20.2181
27.09.16,V2TX,20.6567
28.09.16,V2TX,19.6948
29.09.16,V2TX,19.9598
30.09.16,V2TX,19.7693
03.10.16,V2TX,20.3951
04.10.16,V2TX,19.2097
05.10.16,V2TX,19.4441
06.10.16,V2TX,19.1722
07.10.16,V2TX,20.0387
10.10.16,V2TX,19.2601
11.10.16,V2TX,19.8788
12.10.16,V2TX,20.1318
13.10.16,V2TX,20.9273
14.10.16,V2TX,19.4618
17.10.16,V2TX,20.6231
18.10.16,V2TX,19.069
19.10.16,V2TX,18.0718
20.10.16,V2TX,17.2172
21.10.16,V2TX,16.599
24.10.16,V2TX,17.7055
25.10.16,V2TX,18.2257
26.10.16,V2TX,18.674
27.10.16,V2TX,18.7315
28.10.16,V2TX,19.2694
31.10.16,V2TX,21.4449
01.11.16,V2TX,23.4631
02.11.16,V2TX,23.6546
03.11.16,V2TX,24.6804
04.11.16,V2TX,25.2078
07.11.16,V2TX,24.6196
08.11.16,V2TX,24.9341
09.11.16,V2TX,21.1011
10.11.16,V2TX,21.0959
11.11.16,V2TX,21.9585
14.11.16,V2TX,22.1941
15.11.16,V2TX,20.6381
16.11.16,V2TX,21.1147
17.11.16,V2TX,19.9481
18.11.16,V2TX,20.3697
21.11.16,V2TX,20.5539
22.11.16,V2TX,20.2468
23.11.16,V2TX,20.1928
24.11.16,V2TX,20.0292
25.11.16,V2TX,20.4086
28.11.16,V2TX,22.533
29.11.16,V2TX,21.7987
30.11.16,V2TX,21.4372
01.12.16,V2TX,22.6014
02.12.16,V2TX,22.6159
05.12.16,V2TX,18.9556
06.12.16,V2TX,17.6341
07.12.16,V2TX,17.1436
08.12.16,V2TX,16.1593
09.12.16,V2TX,16.6203
12.12.16,V2TX,16.9318
13.12.16,V2TX,16.8704
14.12.16,V2TX,17.1147
15.12.16,V2TX,15.8633
16.12.16,V2TX,15.098
19.12.16,V2TX,15.1177
20.12.16,V2TX,14.8754
21.12.16,V2TX,14.7373
22.12.16,V2TX,14.8767
23.12.16,V2TX,15.0936
27.12.16,V2TX,16.718
28.12.16,V2TX,17.0648
29.12.16,V2TX,17.771
30.12.16,V2TX,18.123
02.01.17,V2TX,17.9578
03.01.17,V2TX,17.3519
04.01.17,V2TX,16.4641
05.01.17,V2TX,15.9801
06.01.17,V2TX,15.3421
09.01.17,V2TX,15.5143
10.01.17,V2TX,15.3547
11.01.17,V2TX,15.7011
12.01.17,V2TX,16.2935
13.01.17,V2TX,14.8618
16.01.17,V2TX,15.4655
17.01.17,V2TX,15.6671
18.01.17,V2TX,14.8506
19.01.17,V2TX,14.8475
20.01.17,V2TX,14.5963
23.01.17,V2TX,17.1108
24.01.17,V2TX,16.3083
25.01.17,V2TX,15.6958
26.01.17,V2TX,15.6052
27.01.17,V2TX,15.847
30.01.17,V2TX,17.4653
31.01.17,V2TX,17.3682
01.02.17,V2TX,16.6427
02.02.17,V2TX,16.1939
03.02.17,V2TX,15.1332
06.02.17,V2TX,16.4328
07.02.17,V2TX,16.9147
08.02.17,V2TX,16.831
09.02.17,V2TX,15.2973
10.02.17,V2TX,15.1125
13.02.17,V2TX,14.8043
14.02.17,V2TX,14.6469
15.02.17,V2TX,14.6829
16.02.17,V2TX,15.3999
17.02.17,V2TX,14.8315
20.02.17,V2TX,14.8906
21.02.17,V2TX,14.5706
22.02.17,V2TX,14.8577
23.02.17,V2TX,15.4578
24.02.17,V2TX,15.8552
27.02.17,V2TX,16.0402
28.02.17,V2TX,16.2849
01.03.17,V2TX,15.3905
02.03.17,V2TX,15.2754
03.03.17,V2TX,15.2708
06.03.17,V2TX,15.7683
07.03.17,V2TX,15.3718
08.03.17,V2TX,14.9751
09.03.17,V2TX,15.2123
10.03.17,V2TX,15.3441
13.03.17,V2TX,15.5803
14.03.17,V2TX,15.9737
15.03.17,V2TX,15.5983
16.03.17,V2TX,11.5181
17.03.17,V2TX,11.1647
20.03.17,V2TX,13.0797
21.03.17,V2TX,13.7745
22.03.17,V2TX,14.5148
23.03.17,V2TX,15.0982
24.03.17,V2TX,15.1975
27.03.17,V2TX,16.3493
28.03.17,V2TX,15.8635
29.03.17,V2TX,15.9304
30.03.17,V2TX,16.1041
31.03.17,V2TX,16.5221
03.04.17,V2TX,17.9597
04.04.17,V2TX,18.005
05.04.17,V2TX,18.5205
06.04.17,V2TX,18.8703
07.04.17,V2TX,19.5373
10.04.17,V2TX,22.0934
11.04.17,V2TX,22.9518
12.04.17,V2TX,22.7155
13.04.17,V2TX,23.3883
18.04.17,V2TX,25.5942
19.04.17,V2TX,24.2021
20.04.17,V2TX,24.8992
21.04.17,V2TX,25.0928
24.04.17,V2TX,16.2463
25.04.17,V2TX,15.4196
26.04.17,V2TX,15.584
27.04.17,V2TX,16.107
28.04.17,V2TX,17.0495
02.05.17,V2TX,17.2673
03.05.17,V2TX,17.3982
04.05.17,V2TX,16.4843
05.05.17,V2TX,17.0143
08.05.17,V2TX,14.393
09.05.17,V2TX,14.0868
10.05.17,V2TX,14.0655
11.05.17,V2TX,14.3491
12.05.17,V2TX,13.8689
15.05.17,V2TX,14.2041
16.05.17,V2TX,13.5401
17.05.17,V2TX,16.1438
18.05.17,V2TX,17.0825
19.05.17,V2TX,15.4679
22.05.17,V2TX,14.8259
23.05.17,V2TX,13.8428
24.05.17,V2TX,13.8757
25.05.17,V2TX,13.9599
26.05.17,V2TX,13.8547
29.05.17,V2TX,14.1781
30.05.17,V2TX,14.4715
31.05.17,V2TX,14.5538
01.06.17,V2TX,13.6227
02.06.17,V2TX,13.3345
05.06.17,V2TX,13.9431
06.06.17,V2TX,14.3862
07.06.17,V2TX,14.6073
08.06.17,V2TX,14.0799
09.06.17,V2TX,13.3926
12.06.17,V2TX,14.5102
13.06.17,V2TX,13.5587
14.06.17,V2TX,13.9464
15.06.17,V2TX,14.9445
16.06.17,V2TX,13.7442
19.06.17,V2TX,13.0325
20.06.17,V2TX,14.0291
21.06.17,V2TX,14.1788
22.06.17,V2TX,14.0328
23.06.17,V2TX,14.2214
26.06.17,V2TX,13.6567
27.06.17,V2TX,14.7743
28.06.17,V2TX,14.8525
29.06.17,V2TX,17.6032
30.06.17,V2TX,17.2533
03.07.17,V2TX,14.4888
04.07.17,V2TX,14.3929
05.07.17,V2TX,14.7011
06.07.17,V2TX,15.4722
07.07.17,V2TX,15.1824
10.07.17,V2TX,14.783
11.07.17,V2TX,14.7732
12.07.17,V2TX,13.7485
13.07.17,V2TX,13.1228
14.07.17,V2TX,12.6504
17.07.17,V2TX,12.6334
18.07.17,V2TX,13.6841
19.07.17,V2TX,13.2685
20.07.17,V2TX,13.0879
21.07.17,V2TX,15.3262
24.07.17,V2TX,15.0827
25.07.17,V2TX,13.6357
26.07.17,V2TX,12.9971
27.07.17,V2TX,12.7697
28.07.17,V2TX,13.7331
31.07.17,V2TX,13.9033
01.08.17,V2TX,13.4724
02.08.17,V2TX,13.7531
03.08.17,V2TX,13.7302
04.08.17,V2TX,13.0654
07.08.17,V2TX,13.1992
08.08.17,V2TX,12.7883
09.08.17,V2TX,15.0152
10.08.17,V2TX,18.9131
11.08.17,V2TX,19.3101
14.08.17,V2TX,15.6664
15.08.17,V2TX,14.8801
16.08.17,V2TX,14.2468
17.08.17,V2TX,15.3859
18.08.17,V2TX,17.5746
21.08.17,V2TX,18.5553
22.08.17,V2TX,16.412
23.08.17,V2TX,16.2275
24.08.17,V2TX,15.6665
25.08.17,V2TX,15.3262
28.08.17,V2TX,15.8508
29.08.17,V2TX,17.3169
30.08.17,V2TX,16.468
31.08.17,V2TX,15.6317
01.09.17,V2TX,14.7167
04.09.17,V2TX,16.2117
05.09.17,V2TX,16.4848
06.09.17,V2TX,16.3786
07.09.17,V2TX,15.1482
08.09.17,V2TX,15.199
11.09.17,V2TX,13.96
12.09.17,V2TX,13.4464
13.09.17,V2TX,13.0423
14.09.17,V2TX,12.2739
15.09.17,V2TX,12.1972
18.09.17,V2TX,11.943
19.09.17,V2TX,11.7216
20.09.17,V2TX,11.7949
21.09.17,V2TX,11.1906
22.09.17,V2TX,11.708
25.09.17,V2TX,12.3663
26.09.17,V2TX,12.5406
27.09.17,V2TX,12.1282
28.09.17,V2TX,12.1259
29.09.17,V2TX,12.1208
02.10.17,V2TX,12.1739
03.10.17,V2TX,11.8365
04.10.17,V2TX,12.7752
05.10.17,V2TX,12.087
06.10.17,V2TX,12.5055
09.10.17,V2TX,12.6102
10.10.17,V2TX,13.3944
11.10.17,V2TX,12.6695
12.10.17,V2TX,12.3247
13.10.17,V2TX,11.8458
16.10.17,V2TX,11.9037
17.10.17,V2TX,11.6299
18.10.17,V2TX,11.0514
19.10.17,V2TX,12.4435
20.10.17,V2TX,12.2167
23.10.17,V2TX,12.5904
24.10.17,V2TX,12.9424
25.10.17,V2TX,14.5349
26.10.17,V2TX,12.9159
27.10.17,V2TX,12.4951
30.10.17,V2TX,12.8308
31.10.17,V2TX,11.9864
01.11.17,V2TX,11.7924
02.11.17,V2TX,12.0219
03.11.17,V2TX,11.5635
06.11.17,V2TX,11.6934
07.11.17,V2TX,12.1337
08.11.17,V2TX,12.4069
09.11.17,V2TX,13.9158
10.11.17,V2TX,14.453
13.11.17,V2TX,14.3816
14.11.17,V2TX,15.2348
15.11.17,V2TX,15.5778
16.11.17,V2TX,15.0291
17.11.17,V2TX,14.7428
20.11.17,V2TX,13.7039
21.11.17,V2TX,12.9355
22.11.17,V2TX,12.8717
23.11.17,V2TX,12.7296
24.11.17,V2TX,12.8582
27.11.17,V2TX,13.5459
28.11.17,V2TX,12.8773
29.11.17,V2TX,13.5436
30.11.17,V2TX,13.4708
01.12.17,V2TX,16.0124
04.12.17,V2TX,13.7242
05.12.17,V2TX,13.1587
06.12.17,V2TX,13.9107
07.12.17,V2TX,13.4513
08.12.17,V2TX,12.8484
11.12.17,V2TX,12.9236
12.12.17,V2TX,12.4734
13.12.17,V2TX,12.7344
14.12.17,V2TX,12.2635
15.12.17,V2TX,11.792
18.12.17,V2TX,10.6783
19.12.17,V2TX,11.197
20.12.17,V2TX,12.5108
21.12.17,V2TX,11.7371
22.12.17,V2TX,12.0057
27.12.17,V2TX,12.7143
28.12.17,V2TX,13.6229
29.12.17,V2TX,13.5114
02.01.18,V2TX,13.3676
03.01.18,V2TX,12.1367
04.01.18,V2TX,11.4105
05.01.18,V2TX,11.1245
08.01.18,V2TX,11.4954
09.01.18,V2TX,11.262
10.01.18,V2TX,11.759
11.01.18,V2TX,11.3595
12.01.18,V2TX,10.9024
15.01.18,V2TX,11.0727
16.01.18,V2TX,11.3466
17.01.18,V2TX,11.9473
18.01.18,V2TX,11.9883
19.01.18,V2TX,11.8533
22.01.18,V2TX,11.9678
23.01.18,V2TX,11.9508
24.01.18,V2TX,12.3924
25.01.18,V2TX,12.691
26.01.18,V2TX,12.4779
29.01.18,V2TX,13.2927
30.01.18,V2TX,14.811
31.01.18,V2TX,15.1644
01.02.18,V2TX,16.1394
02.02.18,V2TX,17.5594
05.02.18,V2TX,18.855
06.02.18,V2TX,30.1771
07.02.18,V2TX,21.3656
08.02.18,V2TX,32.0402
09.02.18,V2TX,34.737
12.02.18,V2TX,28.1626
13.02.18,V2TX,25.9501
14.02.18,V2TX,20.7053
15.02.18,V2TX,20.5158
16.02.18,V2TX,17.7606
19.02.18,V2TX,19.1283
20.02.18,V2TX,18.6401
21.02.18,V2TX,18.6489
22.02.18,V2TX,18.6903
23.02.18,V2TX,18.1752
26.02.18,V2TX,16.7709
27.02.18,V2TX,17.5944
28.02.18,V2TX,18.0002
01.03.18,V2TX,20.5673
02.03.18,V2TX,23.386
05.03.18,V2TX,18.8922
06.03.18,V2TX,18.6852
07.03.18,V2TX,18.1546
08.03.18,V2TX,16.6065
09.03.18,V2TX,15.4054
12.03.18,V2TX,15.4002
13.03.18,V2TX,16.6195
14.03.18,V2TX,16.9106
15.03.18,V2TX,15.2246
16.03.18,V2TX,13.389
19.03.18,V2TX,16.4988
20.03.18,V2TX,15.3836
21.03.18,V2TX,14.8531
22.03.18,V2TX,18.551
23.03.18,V2TX,21.0758
26.03.18,V2TX,22.0543
27.03.18,V2TX,18.9761
28.03.18,V2TX,19.6857
29.03.18,V2TX,17.4364
03.04.18,V2TX,18.8146
04.04.18,V2TX,19.5763
05.04.18,V2TX,16.9025
06.04.18,V2TX,17.4368
09.04.18,V2TX,17.353
10.04.18,V2TX,16.3164
11.04.18,V2TX,16.9837
12.04.18,V2TX,15.8108
13.04.18,V2TX,15.2974
16.04.18,V2TX,14.5036
17.04.18,V2TX,13.288
18.04.18,V2TX,13.0383
19.04.18,V2TX,13.7415
20.04.18,V2TX,13.756
23.04.18,V2TX,13.328
24.04.18,V2TX,13.4086
25.04.18,V2TX,14.6576
26.04.18,V2TX,13.6785
27.04.18,V2TX,13.1315
30.04.18,V2TX,13.7154
02.05.18,V2TX,13.5282
03.05.18,V2TX,14.4576
04.05.18,V2TX,13.4198
07.05.18,V2TX,13.3159
08.05.18,V2TX,13.7161
09.05.18,V2TX,13.3529
10.05.18,V2TX,12.8229
11.05.18,V2TX,12.4351
14.05.18,V2TX,12.6448
15.05.18,V2TX,12.6765
16.05.18,V2TX,13.5725
17.05.18,V2TX,13.0848
18.05.18,V2TX,13.9673
21.05.18,V2TX,13.7761
22.05.18,V2TX,12.9845
23.05.18,V2TX,15.0616
24.05.18,V2TX,15.6902
25.05.18,V2TX,16.0228
28.05.18,V2TX,17.7786
29.05.18,V2TX,20.1545
30.05.18,V2TX,18.3411
31.05.18,V2TX,17.6547
01.06.18,V2TX,15.6231
04.06.18,V2TX,14.3641
05.06.18,V2TX,14.7988
06.06.18,V2TX,14.7989
07.06.18,V2TX,14.4204
08.06.18,V2TX,14.9616
11.06.18,V2TX,13.9917
12.06.18,V2TX,13.6885
13.06.18,V2TX,13.198
14.06.18,V2TX,11.4418
15.06.18,V2TX,12.1297
18.06.18,V2TX,13.763
19.06.18,V2TX,14.8685
20.06.18,V2TX,13.9834
21.06.18,V2TX,16.0901
22.06.18,V2TX,14.2065
25.06.18,V2TX,17.8727
26.06.18,V2TX,17.2411
27.06.18,V2TX,17.1802
28.06.18,V2TX,18.4191
29.06.18,V2TX,16.6333
02.07.18,V2TX,17.9959
03.07.18,V2TX,16.3909
04.07.18,V2TX,16.2213
05.07.18,V2TX,15.731
06.07.18,V2TX,14.7428
09.07.18,V2TX,14.0711
10.07.18,V2TX,12.9935
11.07.18,V2TX,14.5961
12.07.18,V2TX,13.4596
13.07.18,V2TX,12.8035
16.07.18,V2TX,13.0323
17.07.18,V2TX,12.556
18.07.18,V2TX,11.9617
19.07.18,V2TX,12.8476
20.07.18,V2TX,13.7747
23.07.18,V2TX,14.1892
24.07.18,V2TX,12.7259
25.07.18,V2TX,13.5029
26.07.18,V2TX,12.1361
27.07.18,V2TX,11.6594
30.07.18,V2TX,12.7107
31.07.18,V2TX,12.5596
01.08.18,V2TX,13.028
02.08.18,V2TX,14.5051
03.08.18,V2TX,13.3973
06.08.18,V2TX,13.47
07.08.18,V2TX,12.6265
08.08.18,V2TX,12.8654
09.08.18,V2TX,12.4882
10.08.18,V2TX,15.1113
13.08.18,V2TX,15.9406
14.08.18,V2TX,15.861
15.08.18,V2TX,18.4755
16.08.18,V2TX,16.2633
17.08.18,V2TX,16.0982
20.08.18,V2TX,14.5019
21.08.18,V2TX,13.8748
22.08.18,V2TX,13.8512
23.08.18,V2TX,13.6438
24.08.18,V2TX,13.1882
27.08.18,V2TX,13.1149
28.08.18,V2TX,13.1602
29.08.18,V2TX,12.9914
30.08.18,V2TX,14.1532
31.08.18,V2TX,15.6343
03.09.18,V2TX,15.4945
04.09.18,V2TX,16.3854
05.09.18,V2TX,17.2886
06.09.18,V2TX,17.1012
07.09.18,V2TX,16.4546
10.09.18,V2TX,15.8948
11.09.18,V2TX,15.7862
12.09.18,V2TX,15.3235
13.09.18,V2TX,14.5934
14.09.18,V2TX,13.8963
17.09.18,V2TX,14.5708
18.09.18,V2TX,14.356
19.09.18,V2TX,13.5296
20.09.18,V2TX,13.1843
21.09.18,V2TX,12.8151
24.09.18,V2TX,13.7328
25.09.18,V2TX,13.1636
26.09.18,V2TX,12.8518
27.09.18,V2TX,13.171
28.09.18,V2TX,14.7637
01.10.18,V2TX,14.2333
02.10.18,V2TX,15.4784
03.10.18,V2TX,14.6064
04.10.18,V2TX,16.0249
05.10.18,V2TX,16.6807
08.10.18,V2TX,17.6264
09.10.18,V2TX,16.9002
10.10.18,V2TX,18.4029
11.10.18,V2TX,21.2373
12.10.18,V2TX,20.2103
15.10.18,V2TX,19.0703
16.10.18,V2TX,16.8341
17.10.18,V2TX,17.0163
18.10.18,V2TX,18.1712
19.10.18,V2TX,18.7838
22.10.18,V2TX,19.3581
23.10.18,V2TX,21.3624
24.10.18,V2TX,21.9772
25.10.18,V2TX,20.7552
26.10.18,V2TX,23.7391
29.10.18,V2TX,22.2872
30.10.18,V2TX,22.2249
31.10.18,V2TX,20.3038
01.11.18,V2TX,18.995
02.11.18,V2TX,18.848
05.11.18,V2TX,18.3296
06.11.18,V2TX,18.1091
07.11.18,V2TX,16.4264
08.11.18,V2TX,15.881
09.11.18,V2TX,16.3773
12.11.18,V2TX,17.8587
13.11.18,V2TX,17.029
14.11.18,V2TX,18.4549
15.11.18,V2TX,20.1522
16.11.18,V2TX,18.0762
19.11.18,V2TX,18.032
20.11.18,V2TX,19.9622
21.11.18,V2TX,18.2397
22.11.18,V2TX,19.2881
23.11.18,V2TX,18.9738
26.11.18,V2TX,18.4228
27.11.18,V2TX,18.479
28.11.18,V2TX,18.5952
29.11.18,V2TX,18.61
30.11.18,V2TX,18.4935
03.12.18,V2TX,16.9152
04.12.18,V2TX,17.2085
05.12.18,V2TX,19.0904
06.12.18,V2TX,24.6155
07.12.18,V2TX,21.6688
10.12.18,V2TX,23.6592
11.12.18,V2TX,21.0925
12.12.18,V2TX,19.7254
13.12.18,V2TX,19.1773
14.12.18,V2TX,19.1643
17.12.18,V2TX,19.8187
18.12.18,V2TX,20.0366
19.12.18,V2TX,19.6024
20.12.18,V2TX,20.733
21.12.18,V2TX,20.3984
27.12.18,V2TX,25.6882
28.12.18,V2TX,23.8643
02.01.19,V2TX,23.3924
03.01.19,V2TX,22.9978
04.01.19,V2TX,20.4827
07.01.19,V2TX,20.151
08.01.19,V2TX,19.4803
09.01.19,V2TX,18.997
10.01.19,V2TX,18.6879
11.01.19,V2TX,17.4182
14.01.19,V2TX,17.8987
15.01.19,V2TX,16.9334
16.01.19,V2TX,15.7177
17.01.19,V2TX,15.4064
18.01.19,V2TX,14.28
21.01.19,V2TX,15.385
22.01.19,V2TX,15.9971
23.01.19,V2TX,16.4792
24.01.19,V2TX,15.5603
25.01.19,V2TX,14.7823
28.01.19,V2TX,16.1551
29.01.19,V2TX,16.0456
30.01.19,V2TX,16.0154
31.01.19,V2TX,15.1126
01.02.19,V2TX,13.9879
04.02.19,V2TX,14.2075
05.02.19,V2TX,13.5808
06.02.19,V2TX,13.616
07.02.19,V2TX,16.1706
08.02.19,V2TX,16.3132
11.02.19,V2TX,15.2186
12.02.19,V2TX,14.2814
13.02.19,V2TX,13.9695
14.02.19,V2TX,15.757
15.02.19,V2TX,14.2944
18.02.19,V2TX,14.5378
19.02.19,V2TX,14.6143
20.02.19,V2TX,14.2742
21.02.19,V2TX,14.3444
22.02.19,V2TX,13.9767
25.02.19,V2TX,13.8464
26.02.19,V2TX,13.8942
27.02.19,V2TX,14.3497
28.02.19,V2TX,13.5876
01.03.19,V2TX,13.3709
04.03.19,V2TX,13.6499
05.03.19,V2TX,13.5075
06.03.19,V2TX,13.4409
07.03.19,V2TX,13.8671
08.03.19,V2TX,14.411
11.03.19,V2TX,14.1546
12.03.19,V2TX,13.8356
13.03.19,V2TX,13.9503
14.03.19,V2TX,13.6478
15.03.19,V2TX,12.9242
18.03.19,V2TX,13.2122
19.03.19,V2TX,13.0007
20.03.19,V2TX,14.4778
21.03.19,V2TX,15.6876
22.03.19,V2TX,17.6785
25.03.19,V2TX,17.3356
26.03.19,V2TX,15.8457
27.03.19,V2TX,16.3337
28.03.19,V2TX,16.6715
29.03.19,V2TX,15.2748
01.04.19,V2TX,14.7903
02.04.19,V2TX,14.7848
03.04.19,V2TX,14.1923
04.04.19,V2TX,14.2468
05.04.19,V2TX,13.552
08.04.19,V2TX,14.603
09.04.19,V2TX,14.5187
10.04.19,V2TX,14.281
11.04.19,V2TX,12.595
12.04.19,V2TX,11.877
15.04.19,V2TX,11.4864
16.04.19,V2TX,11.3012
17.04.19,V2TX,11.2672
18.04.19,V2TX,11.0066
23.04.19,V2TX,12.204
24.04.19,V2TX,12.5447
25.04.19,V2TX,12.9572
26.04.19,V2TX,12.6034
29.04.19,V2TX,13.0278
30.04.19,V2TX,13.2624
02.05.19,V2TX,14.3357
03.05.19,V2TX,13.3808
06.05.19,V2TX,15.7375
07.05.19,V2TX,18.0429
08.05.19,V2TX,17.6428
09.05.19,V2TX,20.0378
10.05.19,V2TX,18.5073
13.05.19,V2TX,19.4264
14.05.19,V2TX,17.5609
15.05.19,V2TX,16.7467
16.05.19,V2TX,15.0605
17.05.19,V2TX,14.9769
20.05.19,V2TX,17.3812
21.05.19,V2TX,15.8302
22.05.19,V2TX,15.4494
23.05.19,V2TX,17.637
24.05.19,V2TX,16.7146
27.05.19,V2TX,16.2373
28.05.19,V2TX,16.1658
29.05.19,V2TX,17.7806
30.05.19,V2TX,16.7607
31.05.19,V2TX,17.4218
03.06.19,V2TX,17.2417
04.06.19,V2TX,16.42
05.06.19,V2TX,16.1034
06.06.19,V2TX,15.6299
07.06.19,V2TX,14.9085
10.06.19,V2TX,14.8913
11.06.19,V2TX,14.796
12.06.19,V2TX,14.945
13.06.19,V2TX,14.3656
14.06.19,V2TX,14.3629
17.06.19,V2TX,14.0293
18.06.19,V2TX,13.2695
19.06.19,V2TX,13.6604
20.06.19,V2TX,13.3474
21.06.19,V2TX,13.3894
24.06.19,V2TX,13.9669
25.06.19,V2TX,13.9815
26.06.19,V2TX,14.0634
27.06.19,V2TX,14.1174
28.06.19,V2TX,13.7342
01.07.19,V2TX,12.383
02.07.19,V2TX,11.8371
03.07.19,V2TX,11.7045
04.07.19,V2TX,11.7651
05.07.19,V2TX,12.4185
08.07.19,V2TX,12.616
09.07.19,V2TX,12.7504
10.07.19,V2TX,12.8191
11.07.19,V2TX,12.4747
12.07.19,V2TX,12.3888
15.07.19,V2TX,12.6064
16.07.19,V2TX,12.1592
17.07.19,V2TX,12.6034
18.07.19,V2TX,13.332
19.07.19,V2TX,13.6973
22.07.19,V2TX,13.5495
23.07.19,V2TX,12.7137
24.07.19,V2TX,13.1227
25.07.19,V2TX,13.2666
26.07.19,V2TX,12.669
29.07.19,V2TX,12.6386
30.07.19,V2TX,14.4662
31.07.19,V2TX,14.3909
01.08.19,V2TX,13.7348
02.08.19,V2TX,18.3481
05.08.19,V2TX,21.0618
06.08.19,V2TX,21.3783
07.08.19,V2TX,21.039
08.08.19,V2TX,18.0037
09.08.19,V2TX,18.9533
12.08.19,V2TX,19.2544
13.08.19,V2TX,18.6224
14.08.19,V2TX,22.0616
15.08.19,V2TX,22.5419
16.08.19,V2TX,20.3841
19.08.19,V2TX,18.2556
20.08.19,V2TX,18.4289
21.08.19,V2TX,16.7721
22.08.19,V2TX,18.2332
23.08.19,V2TX,20.1473
26.08.19,V2TX,20.2502
27.08.19,V2TX,19.4399
28.08.19,V2TX,19.3267
29.08.19,V2TX,17.601
30.08.19,V2TX,17.6681
02.09.19,V2TX,17.5382
03.09.19,V2TX,18.2403
04.09.19,V2TX,16.5794
05.09.19,V2TX,15.5052
06.09.19,V2TX,14.6313
09.09.19,V2TX,14.9418
10.09.19,V2TX,15.2574
11.09.19,V2TX,15.4354
12.09.19,V2TX,14.4138
13.09.19,V2TX,13.7364
16.09.19,V2TX,15.2467
17.09.19,V2TX,15.5502
18.09.19,V2TX,15.2097
19.09.19,V2TX,14.501
20.09.19,V2TX,13.9744
23.09.19,V2TX,15.5783
24.09.19,V2TX,15.9723
25.09.19,V2TX,17.2313
26.09.19,V2TX,16.587
27.09.19,V2TX,15.8826
30.09.19,V2TX,15.8282
01.10.19,V2TX,17.26
02.10.19,V2TX,21.0071
03.10.19,V2TX,20.5011
04.10.19,V2TX,18.5245
07.10.19,V2TX,17.856
08.10.19,V2TX,19.2294
09.10.19,V2TX,18.3918
10.10.19,V2TX,17.418
11.10.19,V2TX,15.8911
14.10.19,V2TX,15.9171
15.10.19,V2TX,14.4716
16.10.19,V2TX,14.76
17.10.19,V2TX,14.9276
18.10.19,V2TX,15.3746
21.10.19,V2TX,14.7438
22.10.19,V2TX,14.1743
23.10.19,V2TX,13.4557
24.10.19,V2TX,13.0918
25.10.19,V2TX,12.8208
28.10.19,V2TX,13.2006
29.10.19,V2TX,13.7262
30.10.19,V2TX,13.7963
31.10.19,V2TX,13.7919
01.11.19,V2TX,12.8444
04.11.19,V2TX,12.9047
05.11.19,V2TX,12.9226
06.11.19,V2TX,12.9335
07.11.19,V2TX,12.7542
08.11.19,V2TX,12.8514
11.11.19,V2TX,13.0887
12.11.19,V2TX,12.6338
13.11.19,V2TX,12.7955
14.11.19,V2TX,12.4735
15.11.19,V2TX,11.537
18.11.19,V2TX,12.0372
19.11.19,V2TX,12.3699
20.11.19,V2TX,12.7274
21.11.19,V2TX,13.1317
22.11.19,V2TX,13.0888
25.11.19,V2TX,12.3837
26.11.19,V2TX,12.0954
27.11.19,V2TX,12.2032
28.11.19,V2TX,12.7959
29.11.19,V2TX,13.174
02.12.19,V2TX,15.8889
03.12.19,V2TX,16.9096
04.12.19,V2TX,15.2237
05.12.19,V2TX,15.3707
06.12.19,V2TX,14.1327
09.12.19,V2TX,14.9246
10.12.19,V2TX,15.022
11.12.19,V2TX,15.2345
12.12.19,V2TX,14.6631
13.12.19,V2TX,13.1174
16.12.19,V2TX,11.644
17.12.19,V2TX,12.1489
18.12.19,V2TX,11.8244
19.12.19,V2TX,12.1761
20.12.19,V2TX,11.0774
23.12.19,V2TX,11.6482
27.12.19,V2TX,12.0913
30.12.19,V2TX,13.9548
02.01.20,V2TX,12.6736
03.01.20,V2TX,13.9588
06.01.20,V2TX,15.1404
07.01.20,V2TX,14.2117
08.01.20,V2TX,14.0401
09.01.20,V2TX,13.0363
10.01.20,V2TX,12.3886
13.01.20,V2TX,12.7138
14.01.20,V2TX,12.4099
15.01.20,V2TX,12.0408
16.01.20,V2TX,11.0223
17.01.20,V2TX,10.6899
20.01.20,V2TX,11.2522
21.01.20,V2TX,11.8141
22.01.20,V2TX,12.2389
23.01.20,V2TX,13.164
24.01.20,V2TX,12.6665
27.01.20,V2TX,17.1711
28.01.20,V2TX,15.1979
29.01.20,V2TX,14.4199
30.01.20,V2TX,16.4174
31.01.20,V2TX,17.1542
03.02.20,V2TX,16.2837
04.02.20,V2TX,14.4971
05.02.20,V2TX,13.6052
06.02.20,V2TX,12.9889
07.02.20,V2TX,13.3241
10.02.20,V2TX,13.7034
11.02.20,V2TX,12.9201
12.02.20,V2TX,12.4526
13.02.20,V2TX,13.2476
14.02.20,V2TX,13.0625
17.02.20,V2TX,12.9654
18.02.20,V2TX,13.8431
19.02.20,V2TX,12.8829
20.02.20,V2TX,14.09
21.02.20,V2TX,15.7536
24.02.20,V2TX,22.6584
25.02.20,V2TX,27.4449
26.02.20,V2TX,24.5403
27.02.20,V2TX,34.6989
28.02.20,V2TX,42.2369
02.03.20,V2TX,36.1186
03.03.20,V2TX,33.4532
04.03.20,V2TX,29.7565
05.03.20,V2TX,33.1404
06.03.20,V2TX,43.0212
09.03.20,V2TX,54.0993
10.03.20,V2TX,53.8031
11.03.20,V2TX,53.7615
12.03.20,V2TX,71.5196
13.03.20,V2TX,74.3321
16.03.20,V2TX,85.6206
17.03.20,V2TX,77.2625
18.03.20,V2TX,84.7969
19.03.20,V2TX,78.3461
20.03.20,V2TX,68.2146
23.03.20,V2TX,64.4283
24.03.20,V2TX,52.5304
25.03.20,V2TX,57.1305
26.03.20,V2TX,54.3148
27.03.20,V2TX,60.9948
30.03.20,V2TX,55.6324
31.03.20,V2TX,48.5926
01.04.20,V2TX,51.1408
02.04.20,V2TX,49.9156
03.04.20,V2TX,45.8806
06.04.20,V2TX,43.0301
07.04.20,V2TX,46.2871
08.04.20,V2TX,45.2972
09.04.20,V2TX,44.7106
14.04.20,V2TX,40.4768
15.04.20,V2TX,44.9575
16.04.20,V2TX,43.2623
17.04.20,V2TX,41.201
20.04.20,V2TX,41.2975
21.04.20,V2TX,48.2215
22.04.20,V2TX,43.9569
23.04.20,V2TX,40.3534
24.04.20,V2TX,40.1744
27.04.20,V2TX,34.7193
28.04.20,V2TX,33.012
29.04.20,V2TX,30.7205
30.04.20,V2TX,33.9105
04.05.20,V2TX,38.322
05.05.20,V2TX,34.5055
06.05.20,V2TX,34.8075
07.05.20,V2TX,32.4312
08.05.20,V2TX,29.6643
11.05.20,V2TX,29.9068
12.05.20,V2TX,27.6697
13.05.20,V2TX,33.4196
14.05.20,V2TX,36.3219
15.05.20,V2TX,34.4706
18.05.20,V2TX,29.0582
19.05.20,V2TX,30.1699
20.05.20,V2TX,29.1093
21.05.20,V2TX,32.315
22.05.20,V2TX,31.4161
25.05.20,V2TX,29.1565
26.05.20,V2TX,28.0385
27.05.20,V2TX,29.3988
28.05.20,V2TX,29.0063
29.05.20,V2TX,31.1263
01.06.20,V2TX,30.099
02.06.20,V2TX,30.678
03.06.20,V2TX,29.6082
04.06.20,V2TX,27.6617
05.06.20,V2TX,27.8909
08.06.20,V2TX,28.1197
09.06.20,V2TX,29.7453
10.06.20,V2TX,30.0524
11.06.20,V2TX,36.0215
12.06.20,V2TX,41.4116
15.06.20,V2TX,38.4135
16.06.20,V2TX,36.0977
17.06.20,V2TX,35.3603
18.06.20,V2TX,35.0461
19.06.20,V2TX,32.2142
22.06.20,V2TX,33.781
23.06.20,V2TX,31.3419
24.06.20,V2TX,36.8071
25.06.20,V2TX,34.6839
26.06.20,V2TX,35.1735
29.06.20,V2TX,34.4922
30.06.20,V2TX,31.7179
01.07.20,V2TX,30.1305
02.07.20,V2TX,27.5942
03.07.20,V2TX,28.2699
06.07.20,V2TX,27.6015
07.07.20,V2TX,27.9345
08.07.20,V2TX,29.5725
09.07.20,V2TX,30.4505
10.07.20,V2TX,28.4276
13.07.20,V2TX,27.1352
14.07.20,V2TX,28.9278
15.07.20,V2TX,27.5724
16.07.20,V2TX,26.8067
17.07.20,V2TX,25.5762
20.07.20,V2TX,24.2112
21.07.20,V2TX,23.4879
22.07.20,V2TX,24.2123
23.07.20,V2TX,23.3144
24.07.20,V2TX,25.5773
27.07.20,V2TX,25.238
28.07.20,V2TX,24.3987
29.07.20,V2TX,24.2316
30.07.20,V2TX,28.024
31.07.20,V2TX,26.6625
03.08.20,V2TX,25.7571
04.08.20,V2TX,25.087
05.08.20,V2TX,23.9421
06.08.20,V2TX,24.9371
07.08.20,V2TX,24.1977
10.08.20,V2TX,24.1127
11.08.20,V2TX,23.3863
12.08.20,V2TX,22.4674
13.08.20,V2TX,22.691
14.08.20,V2TX,23.8671
17.08.20,V2TX,22.7835
18.08.20,V2TX,23.269
19.08.20,V2TX,21.9882
20.08.20,V2TX,24.0354
21.08.20,V2TX,24.3375
24.08.20,V2TX,23.1101
25.08.20,V2TX,23.3594
26.08.20,V2TX,22.0013
27.08.20,V2TX,23.5584
28.08.20,V2TX,25.1579
31.08.20,V2TX,26.7213
01.09.20,V2TX,27.1192
02.09.20,V2TX,26.6145
03.09.20,V2TX,29.0121
04.09.20,V2TX,31.7117
07.09.20,V2TX,27.922
08.09.20,V2TX,28.4501
09.09.20,V2TX,25.8888
10.09.20,V2TX,25.0052
11.09.20,V2TX,23.7249
14.09.20,V2TX,22.5682
15.09.20,V2TX,22.1155
16.09.20,V2TX,21.9927
17.09.20,V2TX,22.5468
18.09.20,V2TX,22.6496
21.09.20,V2TX,29.8809
22.09.20,V2TX,28.1097
23.09.20,V2TX,27.1669
24.09.20,V2TX,28.3437
25.09.20,V2TX,27.8075
28.09.20,V2TX,26.8241
29.09.20,V2TX,26.9026
30.09.20,V2TX,26.0598
01.10.20,V2TX,26.5374
02.10.20,V2TX,26.8168
05.10.20,V2TX,26.2763
06.10.20,V2TX,25.2128
07.10.20,V2TX,24.9744
08.10.20,V2TX,23.98
09.10.20,V2TX,22.2369
12.10.20,V2TX,22.2531
13.10.20,V2TX,22.9397
14.10.20,V2TX,23.2425
15.10.20,V2TX,26.8422
16.10.20,V2TX,25.3165
19.10.20,V2TX,26.6186
20.10.20,V2TX,27.6293
21.10.20,V2TX,29.4488
22.10.20,V2TX,28.9879
23.10.20,V2TX,28.157
26.10.20,V2TX,31.7557
27.10.20,V2TX,32.7397
28.10.20,V2TX,38.2587
29.10.20,V2TX,37.5504
30.10.20,V2TX,35.3472
02.11.20,V2TX,35.233
03.11.20,V2TX,32.763
04.11.20,V2TX,28.0023
05.11.20,V2TX,26.3725
06.11.20,V2TX,25.6153
09.11.20,V2TX,23.8631
10.11.20,V2TX,25.0803
11.11.20,V2TX,23.1256
12.11.20,V2TX,23.3023
13.11.20,V2TX,23.1431
16.11.20,V2TX,22.3849
17.11.20,V2TX,22.2529
18.11.20,V2TX,20.9029
19.11.20,V2TX,21.9714
20.11.20,V2TX,21.4393
23.11.20,V2TX,22.4894
24.11.20,V2TX,21.3674
25.11.20,V2TX,20.7778
26.11.20,V2TX,20.2346
27.11.20,V2TX,20.0788
30.11.20,V2TX,22.9149
01.12.20,V2TX,21.3014
02.12.20,V2TX,21.694
03.12.20,V2TX,21.3172
04.12.20,V2TX,20.8186
07.12.20,V2TX,21.4355
08.12.20,V2TX,20.5353
09.12.20,V2TX,20.0186
10.12.20,V2TX,20.6617
11.12.20,V2TX,23.6144
14.12.20,V2TX,22.521
15.12.20,V2TX,21.7301
16.12.20,V2TX,21.1372
17.12.20,V2TX,20.5099
18.12.20,V2TX,21.6252
21.12.20,V2TX,27.2641
22.12.20,V2TX,25.2067
23.12.20,V2TX,23.1531
28.12.20,V2TX,21.7054
29.12.20,V2TX,22.3828
30.12.20,V2TX,23.369
04.01.21,V2TX,24.8416
05.01.21,V2TX,25.1986
06.01.21,V2TX,21.4423
07.01.21,V2TX,21.0154
08.01.21,V2TX,20.5276
11.01.21,V2TX,21.9797
12.01.21,V2TX,21.9516
13.01.21,V2TX,21.0937
14.01.21,V2TX,19.6932
15.01.21,V2TX,22.4344
18.01.21,V2TX,21.9473
19.01.21,V2TX,21.749
20.01.21,V2TX,20.2772
21.01.21,V2TX,19.9362
22.01.21,V2TX,21.317
25.01.21,V2TX,26.0059
26.01.21,V2TX,23.0994
27.01.21,V2TX,26.7698
28.01.21,V2TX,25.9287
29.01.21,V2TX,29.0082
01.02.21,V2TX,27.3261
02.02.21,V2TX,24.0219
03.02.21,V2TX,22.7195
04.02.21,V2TX,21.3727
05.02.21,V2TX,20.6436
08.02.21,V2TX,20.4375
09.02.21,V2TX,21.1232
10.02.21,V2TX,22.4678
11.02.21,V2TX,21.2082
12.02.21,V2TX,20.0616
15.02.21,V2TX,20.1531
16.02.21,V2TX,20.9294
17.02.21,V2TX,21.829
18.02.21,V2TX,22.5234
19.02.21,V2TX,20.4844
22.02.21,V2TX,21.6934
23.02.21,V2TX,23.1325
24.02.21,V2TX,21.4258
25.02.21,V2TX,22.0962
26.02.21,V2TX,26.8632
01.03.21,V2TX,22.1594
02.03.21,V2TX,21.8134
03.03.21,V2TX,21.6956
04.03.21,V2TX,22.0916
05.03.21,V2TX,25.0782
08.03.21,V2TX,20.8952
09.03.21,V2TX,20.2608
10.03.21,V2TX,19.6671
11.03.21,V2TX,18.8846
12.03.21,V2TX,18.7087
15.03.21,V2TX,18.6234
16.03.21,V2TX,17.5488
17.03.21,V2TX,17.5706
18.03.21,V2TX,17.4622
19.03.21,V2TX,18.395
22.03.21,V2TX,17.6826
23.03.21,V2TX,17.5964
24.03.21,V2TX,17.7712
25.03.21,V2TX,18.8836
26.03.21,V2TX,17.112
29.03.21,V2TX,18.348
30.03.21,V2TX,18.4722
31.03.21,V2TX,17.9742
01.04.21,V2TX,16.8956
06.04.21,V2TX,17.1057
07.04.21,V2TX,16.6645
08.04.21,V2TX,16.1602
09.04.21,V2TX,16.1768
12.04.21,V2TX,17.0514
13.04.21,V2TX,16.3086
14.04.21,V2TX,16.1903
15.04.21,V2TX,15.7081
16.04.21,V2TX,16.1131
19.04.21,V2TX,17.2101
20.04.21,V2TX,21.0797
21.04.21,V2TX,19.2813
22.04.21,V2TX,17.7562
23.04.21,V2TX,18.1883
26.04.21,V2TX,18.2841
27.04.21,V2TX,19.2123
28.04.21,V2TX,18.377
29.04.21,V2TX,18.8768
30.04.21,V2TX,20.6309
03.05.21,V2TX,19.9314
04.05.21,V2TX,22.8185
05.05.21,V2TX,19.9042
06.05.21,V2TX,20.3775
07.05.21,V2TX,18.3838
10.05.21,V2TX,18.5019
11.05.21,V2TX,22.5573
12.05.21,V2TX,23.9387
13.05.21,V2TX,23.3498
14.05.21,V2TX,19.5457
17.05.21,V2TX,21.8052
18.05.21,V2TX,21.3082
19.05.21,V2TX,24.4802
20.05.21,V2TX,22.1023
21.05.21,V2TX,20.3521
24.05.21,V2TX,19.2364
25.05.21,V2TX,19.0816
26.05.21,V2TX,18.2823
27.05.21,V2TX,17.8227
28.05.21,V2TX,17.1662
31.05.21,V2TX,19.0981
01.06.21,V2TX,18.7726
02.06.21,V2TX,17.8481
03.06.21,V2TX,18.2446
04.06.21,V2TX,17.376
07.06.21,V2TX,17.711
08.06.21,V2TX,17.7247
09.06.21,V2TX,17.2322
10.06.21,V2TX,16.6565
11.06.21,V2TX,15.1511
14.06.21,V2TX,16.0495
15.06.21,V2TX,16.4055
16.06.21,V2TX,16.1772
17.06.21,V2TX,17.0804
18.06.21,V2TX,20.7634
21.06.21,V2TX,19.4847
22.06.21,V2TX,17.5733
23.06.21,V2TX,18.549
24.06.21,V2TX,17.3518
25.06.21,V2TX,16.6823
28.06.21,V2TX,17.6455
29.06.21,V2TX,16.9495
30.06.21,V2TX,18.1849
01.07.21,V2TX,17.7267
02.07.21,V2TX,16.5747
05.07.21,V2TX,16.7545
06.07.21,V2TX,18.1255
07.07.21,V2TX,17.3168
08.07.21,V2TX,19.9652
09.07.21,V2TX,17.9506
12.07.21,V2TX,17.9521
13.07.21,V2TX,17.9989
14.07.21,V2TX,17.6841
15.07.21,V2TX,18.642
16.07.21,V2TX,19.4537
19.07.21,V2TX,25.4361
20.07.21,V2TX,24.4923
21.07.21,V2TX,21.5241
22.07.21,V2TX,19.9131
23.07.21,V2TX,17.5527
26.07.21,V2TX,18.5323
27.07.21,V2TX,21.3563
28.07.21,V2TX,19.4809
29.07.21,V2TX,19.2556
30.07.21,V2TX,20.9392
02.08.21,V2TX,19.8395
03.08.21,V2TX,20.2233
04.08.21,V2TX,19.2129
05.08.21,V2TX,18.2492
06.08.21,V2TX,17.8883
09.08.21,V2TX,17.5508
10.08.21,V2TX,17.2752
11.08.21,V2TX,17.038
12.08.21,V2TX,16.1073
13.08.21,V2TX,15.8002
16.08.21,V2TX,18.0025
17.08.21,V2TX,18.3901
18.08.21,V2TX,18.4705
19.08.21,V2TX,22.1296
20.08.21,V2TX,20.1509
23.08.21,V2TX,17.8943
24.08.21,V2TX,18.0943
25.08.21,V2TX,17.8302
26.08.21,V2TX,19.0944
27.08.21,V2TX,17.6003
30.08.21,V2TX,17.498
31.08.21,V2TX,18.7654
01.09.21,V2TX,17.4679
02.09.21,V2TX,16.9721
03.09.21,V2TX,18.1919
06.09.21,V2TX,17.5551
07.09.21,V2TX,18.6
08.09.21,V2TX,20.4927
09.09.21,V2TX,19.6412
10.09.21,V2TX,20.357
13.09.21,V2TX,20.7429
14.09.21,V2TX,20.4635
15.09.21,V2TX,21.6946
16.09.21,V2TX,21.6515
17.09.21,V2TX,23.1662
20.09.21,V2TX,26.4695
21.09.21,V2TX,25.5096
22.09.21,V2TX,22.8073
23.09.21,V2TX,20.6244
24.09.21,V2TX,21.8467
27.09.21,V2TX,20.8349
28.09.21,V2TX,24.8941
29.09.21,V2TX,23.9588
30.09.21,V2TX,23.2428
01.10.21,V2TX,24.0389
04.10.21,V2TX,25.1857
05.10.21,V2TX,22.2252
06.10.21,V2TX,24.3318
07.10.21,V2TX,21.0201
08.10.21,V2TX,20.2799
11.10.21,V2TX,20.1795
12.10.21,V2TX,20.7442
13.10.21,V2TX,19.8415
14.10.21,V2TX,16.9918
15.10.21,V2TX,16.3486
18.10.21,V2TX,17.1324
19.10.21,V2TX,16.2901
20.10.21,V2TX,15.9796
21.10.21,V2TX,16.7516
22.10.21,V2TX,16.4007
25.10.21,V2TX,16.2815
26.10.21,V2TX,16.1505
27.10.21,V2TX,16.9191
28.10.21,V2TX,17.6094
29.10.21,V2TX,17.6164
01.11.21,V2TX,17.4961
02.11.21,V2TX,16.8576
03.11.21,V2TX,16.4717
04.11.21,V2TX,15.9723
05.11.21,V2TX,16.4029
08.11.21,V2TX,17.1981
09.11.21,V2TX,18.062
10.11.21,V2TX,17.1761
11.11.21,V2TX,17.0902
12.11.21,V2TX,16.1449
15.11.21,V2TX,16.6495
16.11.21,V2TX,16.7973
17.11.21,V2TX,16.6822
18.11.21,V2TX,17.7692
19.11.21,V2TX,19.1166
22.11.21,V2TX,18.8846
23.11.21,V2TX,20.6416
24.11.21,V2TX,20.666
25.11.21,V2TX,19.8777
26.11.21,V2TX,32.3129
29.11.21,V2TX,28.8033
30.11.21,V2TX,30.0679
01.12.21,V2TX,26.0164
02.12.21,V2TX,30.469
03.12.21,V2TX,31.4794
06.12.21,V2TX,30.041
07.12.21,V2TX,24.873
08.12.21,V2TX,24.708
09.12.21,V2TX,23.516
10.12.21,V2TX,22.4272
13.12.21,V2TX,23.0184
14.12.21,V2TX,24.418
15.12.21,V2TX,24.7416
16.12.21,V2TX,20.6116
17.12.21,V2TX,21.9842
20.12.21,V2TX,26.835
21.12.21,V2TX,22.8332
22.12.21,V2TX,21.0421
23.12.21,V2TX,19.0369
27.12.21,V2TX,19.6616
28.12.21,V2TX,19.0728
29.12.21,V2TX,20.1834
30.12.21,V2TX,19.2677
03.01.22,V2TX,19.1696
04.01.22,V2TX,18.6397
05.01.22,V2TX,17.7553
06.01.22,V2TX,20.0961
07.01.22,V2TX,20.6232
10.01.22,V2TX,22.543
11.01.22,V2TX,19.7861
12.01.22,V2TX,18.3029
13.01.22,V2TX,18.4609
14.01.22,V2TX,21.3963
17.01.22,V2TX,20.0374
18.01.22,V2TX,21.9614
19.01.22,V2TX,22.3578
20.01.22,V2TX,20.4033
21.01.22,V2TX,24.2217
24.01.22,V2TX,32.6811
25.01.22,V2TX,31.453
26.01.22,V2TX,28.3362
27.01.22,V2TX,28.028
28.01.22,V2TX,29.4111
31.01.22,V2TX,27.0084
01.02.22,V2TX,24.0892
02.02.22,V2TX,22.6402
03.02.22,V2TX,24.3287
04.02.22,V2TX,26.3008
07.02.22,V2TX,24.2433
08.02.22,V2TX,23.1564
09.02.22,V2TX,21.4117
10.02.22,V2TX,21.8414
11.02.22,V2TX,24.6637
14.02.22,V2TX,30.0547
15.02.22,V2TX,27.055
16.02.22,V2TX,26.6138
17.02.22,V2TX,28.7931
18.02.22,V2TX,31.2669
21.02.22,V2TX,36.2245
22.02.22,V2TX,32.9766
23.02.22,V2TX,33.4572
24.02.22,V2TX,38.1264
25.02.22,V2TX,32.1184
28.02.22,V2TX,35.293
01.03.22,V2TX,41.5796
02.03.22,V2TX,38.7848
03.03.22,V2TX,40.4507
04.03.22,V2TX,49.6395
07.03.22,V2TX,48.2373
08.03.22,V2TX,45.5607
09.03.22,V2TX,41.497
10.03.22,V2TX,43.3509
11.03.22,V2TX,41.3743
14.03.22,V2TX,40.6415
15.03.22,V2TX,41.1972
16.03.22,V2TX,36.0127
17.03.22,V2TX,32.017
18.03.22,V2TX,29.9048
21.03.22,V2TX,28.3402
22.03.22,V2TX,27.484
23.03.22,V2TX,30.7746
24.03.22,V2TX,31.1577
25.03.22,V2TX,32.2262
28.03.22,V2TX,30.5027
29.03.22,V2TX,26.582
30.03.22,V2TX,28.1001
31.03.22,V2TX,28.9898
01.04.22,V2TX,28.5011
04.04.22,V2TX,26.725
05.04.22,V2TX,29.1551
06.04.22,V2TX,32.238
07.04.22,V2TX,32.5322
08.04.22,V2TX,30.7314
11.04.22,V2TX,30.2283
12.04.22,V2TX,30.0143
13.04.22,V2TX,28.843
14.04.22,V2TX,26.7531
19.04.22,V2TX,27.4395
20.04.22,V2TX,24.9786
21.04.22,V2TX,24.5398
22.04.22,V2TX,28.345
25.04.22,V2TX,31.4602
26.04.22,V2TX,32.7093
27.04.22,V2TX,32.7446
28.04.22,V2TX,31.2799
29.04.22,V2TX,30.7732
02.05.22,V2TX,34.0677
03.05.22,V2TX,31.3834
04.05.22,V2TX,31.2319
05.05.22,V2TX,32.7671
06.05.22,V2TX,32.8002
09.05.22,V2TX,35.9089
10.05.22,V2TX,35.0146
11.05.22,V2TX,31.1216
12.05.22,V2TX,32.3963
13.05.22,V2TX,29.1149
16.05.22,V2TX,28.2178
17.05.22,V2TX,26.2385
18.05.22,V2TX,27.6329
19.05.22,V2TX,29.4669
20.05.22,V2TX,28.6575
23.05.22,V2TX,27.5784
24.05.22,V2TX,28.6123
25.05.22,V2TX,27.4222
26.05.22,V2TX,25.6642
27.05.22,V2TX,23.8505
30.05.22,V2TX,23.726
31.05.22,V2TX,25.249
01.06.22,V2TX,25.4388
02.06.22,V2TX,23.3885
03.06.22,V2TX,23.3949
06.06.22,V2TX,22.97
07.06.22,V2TX,23.5931
08.06.22,V2TX,23.1306
09.06.22,V2TX,23.9731
10.06.22,V2TX,27.6629
13.06.22,V2TX,31.8085
14.06.22,V2TX,31.5667
15.06.22,V2TX,30.0721
16.06.22,V2TX,32.5946
17.06.22,V2TX,30.893
20.06.22,V2TX,28.5896
21.06.22,V2TX,28.1129
22.06.22,V2TX,28.6815
23.06.22,V2TX,29.209
24.06.22,V2TX,27.7689
27.06.22,V2TX,27.0179
28.06.22,V2TX,26.6834
29.06.22,V2TX,28.1127
30.06.22,V2TX,29.7804
01.07.22,V2TX,28.7616
04.07.22,V2TX,28.3185
05.07.22,V2TX,31.604
06.07.22,V2TX,30.108
07.07.22,V2TX,28.317
08.07.22,V2TX,27.5514
11.07.22,V2TX,28.8668
12.07.22,V2TX,29.2615
13.07.22,V2TX,29.8522
14.07.22,V2TX,31.8165
15.07.22,V2TX,28.8183
18.07.22,V2TX,29.0637
19.07.22,V2TX,26.7194
20.07.22,V2TX,27.4017
21.07.22,V2TX,25.5535
22.07.22,V2TX,24.0588
25.07.22,V2TX,24.5311
26.07.22,V2TX,25.5671
27.07.22,V2TX,24.0433
28.07.22,V2TX,22.5542
29.07.22,V2TX,22.3049
01.08.22,V2TX,22.9625
02.08.22,V2TX,23.7725
03.08.22,V2TX,22.3417
04.08.22,V2TX,22.4519
05.08.22,V2TX,22.8536
08.08.22,V2TX,22.0847
09.08.22,V2TX,23.284
10.08.22,V2TX,21.7894
11.08.22,V2TX,21.6517
12.08.22,V2TX,21.2132
15.08.22,V2TX,21.5858
16.08.22,V2TX,21.3365
17.08.22,V2TX,22.7453
18.08.22,V2TX,22.667
19.08.22,V2TX,24.5809
22.08.22,V2TX,27.3682
23.08.22,V2TX,26.9246
24.08.22,V2TX,25.4513
25.08.22,V2TX,24.719
26.08.22,V2TX,26.6601
29.08.22,V2TX,28.4642
30.08.22,V2TX,28.3703
31.08.22,V2TX,27.9451